	Date	DXY_R
1	1/5/2016	0.005360564
2	1/6/2016	-0.0022133
3	1/7/2016	-0.009679361
4	1/8/2016	0.003257992
5	1/11/2016	0.001928171
6	1/12/2016	0.002430852
7	1/13/2016	-0.000404173
8	1/14/2016	0.001617265
9	1/15/2016	-0.001311908
10	1/18/2016	0.001616855
11	1/19/2016	-0.001311592
12	1/20/2016	0.001010183
13	1/21/2016	-0.000302735
14	1/22/2016	0.005148415
15	1/25/2016	-0.002109059
16	1/26/2016	0
17	1/27/2016	-0.00462962
18	1/28/2016	-0.003943377
19	1/29/2016	0.011166369
20	2/1/2016	-0.006123893
21	2/2/2016	-0.001313101
22	2/3/2016	-0.0159806
23	2/4/2016	-0.00842841
24	2/5/2016	0.005804893
25	2/8/2016	-0.004740792
26	2/9/2016	-0.005177591
27	2/10/2016	-0.001873644
28	2/11/2016	-0.003441454
29	2/12/2016	0.004395197
30	2/16/2016	0.009272765
31	2/17/2016	-0.00082587
32	2/18/2016	0.001653022
33	2/19/2016	-0.003610098
34	2/22/2016	0.008074524
35	2/23/2016	0.001026967
36	2/24/2016	-0.000205211
37	2/25/2016	-0.001744285
38	2/26/2016	0.008839562
39	2/29/2016	0.000611279
40	3/1/2016	0.001425507
41	3/2/2016	-0.001423477
42	3/3/2016	-0.006516638
43	3/4/2016	-0.002357323
44	3/7/2016	-0.002773742
45	3/8/2016	0.001442248
46	3/9/2016	-0.000411491
47	3/10/2016	-0.011320346
48	3/11/2016	0.001040887
49	3/14/2016	0.004679266
50	3/15/2016	0.000103436
51	3/16/2016	-0.007658057
52	3/17/2016	-0.011784305
53	3/18/2016	0.002427142
54	3/21/2016	0.003158259
55	3/22/2016	0.003777951
56	3/23/2016	0.004181924
57	3/24/2016	0.00093697
58	3/28/2016	-0.002080268
59	3/29/2016	-0.00813006
60	3/30/2016	-0.003362841
61	3/31/2016	-0.002636019
62	4/1/2016	0.000317232
63	4/4/2016	-0.001162555
64	4/5/2016	0.001269654
65	4/6/2016	-0.002113463
66	4/7/2016	0.000529525
67	4/8/2016	-0.002540273
68	4/11/2016	-0.00307726
69	4/12/2016	0.000106461
70	4/13/2016	0.008301394
71	4/14/2016	0.001688875
72	4/15/2016	-0.002107534
73	4/18/2016	-0.002217519
74	4/19/2016	-0.005397344
75	4/20/2016	0.005426633
76	4/21/2016	0.001164144
77	4/22/2016	0.005496882
78	4/25/2016	-0.002943724
79	4/26/2016	-0.002846858
80	4/27/2016	-0.001903363
81	4/28/2016	-0.006674404
82	4/29/2016	-0.00725256
83	5/2/2016	-0.004834605
84	5/3/2016	0.003346702
85	5/4/2016	0.00258229
86	5/5/2016	0.006439139
87	5/6/2016	0.001172958
88	5/9/2016	0.00276923
89	5/10/2016	0.001486978
90	5/11/2016	-0.004984632
91	5/12/2016	0.003410776
92	5/13/2016	0.004992586
93	5/16/2016	-0.000422799
94	5/17/2016	-0.000211452
95	5/18/2016	0.005605489
96	5/19/2016	0.002208656
97	5/20/2016	0.000209854
98	5/23/2016	-0.000839314
99	5/24/2016	0.003570272
100	5/25/2016	-0.002301999
101	5/26/2016	-0.001887782
102	5/27/2016	0.003677619
103	5/31/2016	0.003873555
104	6/1/2016	-0.004484305
105	6/2/2016	0.001047549
106	6/3/2016	-0.016010873
107	6/6/2016	-0.001382506
108	6/7/2016	-0.000745474
109	6/8/2016	-0.002557881
110	6/9/2016	0.005449322
111	6/10/2016	0.005313496
112	6/13/2016	-0.002431237
113	6/14/2016	0.005934057
114	6/15/2016	-0.003370894
115	6/16/2016	-0.000422799
116	6/17/2016	-0.003806715
117	6/20/2016	-0.00636873
118	6/21/2016	0.004379831
119	6/22/2016	-0.003190768
120	6/23/2016	-0.002027337
121	6/24/2016	0.020528152
122	6/27/2016	0.011419634
123	6/28/2016	-0.003003947
124	6/29/2016	-0.004987044
125	6/30/2016	0.003863444
126	7/1/2016	-0.005096703
127	7/5/2016	0.005436445
128	7/6/2016	-0.001143808
129	7/7/2016	0.002810785
130	7/8/2016	-0.000311419
131	7/11/2016	0.002803707
132	7/12/2016	-0.001346153
133	7/13/2016	-0.002281221
134	7/14/2016	-0.001454989
135	7/15/2016	0.005203997
136	7/18/2016	-0.000207124
137	7/19/2016	0.005074617
138	7/20/2016	0.001545533
139	7/21/2016	-0.002057582
140	7/22/2016	0.004845371
141	7/25/2016	-0.001846722
142	7/26/2016	-0.00133618
143	7/27/2016	-0.001132163
144	7/28/2016	-0.003194281
145	7/29/2016	-0.012507743
146	8/1/2016	0.001884225
147	8/2/2016	-0.006791359
148	8/3/2016	0.005259836
149	8/4/2016	0.002092968
150	8/5/2016	0.004490393
151	8/8/2016	0.002183179
152	8/9/2016	-0.002282178
153	8/10/2016	-0.00551048
154	8/11/2016	0.002195494
155	8/12/2016	-0.001460463
156	8/15/2016	-0.000940284
157	8/16/2016	-0.008783813
158	8/17/2016	-0.000738475
159	8/18/2016	-0.00591213
160	8/19/2016	0.003717056
161	8/22/2016	0.000105756
162	8/23/2016	0.000211638
163	8/24/2016	0.002644383
164	8/25/2016	-0.000211035
165	8/26/2016	0.008441522
166	8/29/2016	0.000104656
167	8/30/2016	0.004917357
168	8/31/2016	-0.0003124
169	9/1/2016	-0.003853312
170	9/2/2016	0.002404548
171	9/6/2016	-0.011055455
172	9/7/2016	0.001476471
173	9/8/2016	0.000737152
174	9/9/2016	0.003262096
175	9/12/2016	-0.002517286
176	9/13/2016	0.005573071
177	9/14/2016	-0.003137039
178	9/15/2016	-0.000419606
179	9/16/2016	0.00860531
180	9/19/2016	-0.002809333
181	9/20/2016	0.001878141
182	9/21/2016	-0.003749146
183	9/22/2016	-0.002195348
184	9/23/2016	0.000314364
185	9/26/2016	-0.00178053
186	9/27/2016	0.001364012
187	9/28/2016	-0.000104799
188	9/29/2016	0.001152688
189	9/30/2016	-0.000837367
190	10/3/2016	0.003037932
191	10/4/2016	0.003864261
192	10/5/2016	0.000103974
193	10/6/2016	0.00551344
194	10/7/2016	-0.001448448
195	10/11/2016	0.012225446
196	10/12/2016	0.002763603
197	10/13/2016	-0.004593284
198	10/14/2016	0.005127154
199	10/17/2016	-0.00132624
200	10/18/2016	0.000102186
201	10/19/2016	-0.000306425
202	10/20/2016	0.004597905
203	10/21/2016	0.0038649
204	10/24/2016	-0.000303941
205	10/25/2016	0.00050677
206	10/26/2016	-0.00091171
207	10/27/2016	0.002636135
208	10/28/2016	-0.005460623
209	10/31/2016	0.001016767
210	11/1/2016	-0.00761808
211	11/2/2016	-0.003070573
212	11/3/2016	-0.002464045
213	11/4/2016	-0.000926348
214	11/7/2016	0.007314299
215	11/8/2016	0.000818184
216	11/9/2016	0.006539945
217	11/10/2016	0.002944173
218	11/14/2016	0.013361676
219	11/15/2016	0.000799131
220	11/16/2016	0.002195848
221	11/17/2016	0.00478035
222	11/18/2016	0.003171771
223	11/21/2016	-0.001580832
224	11/22/2016	-9.89807E-05
225	11/23/2016	0.006532027
226	11/25/2016	-0.002064887
227	11/28/2016	-0.001576471
228	11/29/2016	-0.003947518
229	11/30/2016	0.005647478
230	12/1/2016	-0.00453201
231	12/2/2016	-0.002672249
232	12/5/2016	-0.006251841
233	12/6/2016	0.003495097
234	12/7/2016	-0.002587272
235	12/8/2016	0.008380694
236	12/9/2016	0.004947066
237	12/12/2016	-0.00600572
238	12/13/2016	0.000693344
239	12/14/2016	0.009601119
240	12/15/2016	0.011078402
241	12/16/2016	-0.00174537
242	12/19/2016	0.001845576
243	12/20/2016	0.001454353
244	12/21/2016	-0.002614038
245	12/22/2016	0.00067947
246	12/23/2016	-0.000775963
247	12/27/2016	9.70294E-05
248	12/28/2016	0.002329693
249	12/29/2016	-0.005616909
250	12/30/2016	-0.002824318
251	1/3/2017	0.008008595
252	1/4/2017	-0.004941401
253	1/5/2017	-0.011489776
254	1/6/2017	0.006895233
255	1/9/2017	-0.002837028
256	1/10/2017	0.000784872
257	1/11/2017	-0.00225471
258	1/12/2017	-0.004224808
259	1/13/2017	-0.001677336
260	1/17/2017	-0.00840085
261	1/18/2017	0.005980245
262	1/19/2017	0.002179748
263	1/20/2017	-0.004053426
264	1/23/2017	-0.005757336
265	1/24/2017	0.001896905
266	1/25/2017	-0.003188829
267	1/26/2017	0.00349893
268	1/27/2017	0.001494342
269	1/30/2017	-0.000994718
270	1/31/2017	-0.009160589
271	2/1/2017	0.001306371
272	2/2/2017	0.002107577
273	2/3/2017	0.000200351
274	2/6/2017	0.000400531
275	2/7/2017	0.003503133
276	2/8/2017	0.000199451
277	2/9/2017	0.003689699
278	2/10/2017	0.001490323
279	2/13/2017	0.001587262
280	2/14/2017	0.002872435
281	2/15/2017	-0.000691358
282	2/16/2017	-0.007313679
283	2/17/2017	0.005077608
284	2/21/2017	0.004160535
285	2/22/2017	-0.000394604
286	2/23/2017	-0.002763239
287	2/24/2017	0.000395774
288	2/27/2017	0.000395697
289	2/28/2017	-9.88233E-05
290	3/1/2017	0.006526859
291	3/2/2017	0.004126528
292	3/3/2017	-0.006457887
293	3/6/2017	0.000984814
294	3/7/2017	0.00167256
295	3/8/2017	0.002553796
296	3/9/2017	-0.002155403
297	3/10/2017	-0.005890997
298	3/13/2017	0.001283921
299	3/14/2017	0.003156441
300	3/15/2017	-0.009439518
301	3/16/2017	-0.004665486
302	3/17/2017	0.000299252
303	3/20/2017	0.00109672
304	3/21/2017	-0.00597556
305	3/22/2017	-0.001302455
306	3/23/2017	0.000802588
307	3/24/2017	-0.001303178
308	3/27/2017	-0.004617073
309	3/28/2017	0.005445205
310	3/29/2017	0.002908445
311	3/30/2017	0.00410004
312	3/31/2017	-0.00059761
313	4/3/2017	0.001893403
314	4/4/2017	0
315	4/5/2017	0.000198896
316	4/6/2017	0.001093874
317	4/7/2017	0.005066077
318	4/10/2017	-0.00158137
319	4/11/2017	-0.00306868
320	4/12/2017	0.000695065
321	4/13/2017	-0.002182983
322	4/17/2017	-0.002585471
323	4/18/2017	-0.007976101
324	4/19/2017	0.00241204
325	4/20/2017	0.000401053
326	4/21/2017	0.00200445
327	4/24/2017	-0.00890185
328	4/25/2017	-0.002724755
329	4/26/2017	0.001416707
330	4/27/2017	0.001212641
331	4/28/2017	-0.000302776
332	5/1/2017	0.000908592
333	5/2/2017	-0.001613839
334	5/3/2017	0.002323661
335	5/4/2017	-0.004535803
336	5/5/2017	-0.001113811
337	5/8/2017	0.005068424
338	5/9/2017	0.00443766
339	5/10/2017	0.000803314
340	5/11/2017	-0.000501605
341	5/12/2017	-0.003714144
342	5/15/2017	-0.003425652
343	5/16/2017	-0.008088191
344	5/17/2017	-0.007032953
345	5/18/2017	0.004721813
346	5/19/2017	-0.007458061
347	5/22/2017	-0.001749861
348	5/23/2017	0.003815168
349	5/24/2017	-0.001129944
350	5/25/2017	0.000102859
351	5/26/2017	0.001542437
352	5/30/2017	-0.001232064
353	5/31/2017	-0.003700668
354	6/1/2017	0.00288897
355	6/2/2017	-0.004938231
356	6/5/2017	0.000827151
357	6/6/2017	-0.001652934
358	6/7/2017	0.001138255
359	6/8/2017	0.001757085
360	6/9/2017	0.003611216
361	6/12/2017	-0.001336466
362	6/13/2017	-0.001647066
363	6/14/2017	-0.000412466
364	6/15/2017	0.005054652
365	6/16/2017	-0.002771179
366	6/19/2017	0.0038081
367	6/20/2017	0.002255726
368	6/21/2017	-0.001943754
369	6/22/2017	-0.000204971
370	6/23/2017	-0.002460508
371	6/26/2017	0.001336043
372	6/27/2017	-0.009853218
373	6/28/2017	-0.004353664
374	6/29/2017	-0.004372785
375	6/30/2017	0.000313782
376	7/3/2017	0.005644919
377	7/5/2017	0.000935593
378	7/6/2017	-0.004881099
379	7/7/2017	0.001982905
380	7/10/2017	0.000416634
381	7/11/2017	-0.003227538
382	7/12/2017	0.000522279
383	7/13/2017	-0.000626349
384	7/14/2017	-0.006476569
385	7/17/2017	0.000210241
386	7/18/2017	-0.004940534
387	7/19/2017	0.001478967
388	7/20/2017	-0.00559078
389	7/21/2017	-0.003500531
390	7/24/2017	0.000425814
391	7/25/2017	0.000744839
392	7/26/2017	-0.004040457
393	7/27/2017	0.00202843
394	7/28/2017	-0.006392489
395	7/31/2017	-0.004289095
396	8/1/2017	0.001830691
397	8/2/2017	-0.002149812
398	8/3/2017	-0.000215491
399	8/4/2017	0.007865564
400	8/7/2017	-0.001175978
401	8/8/2017	0.002247661
402	8/9/2017	-0.001281525
403	8/10/2017	-0.001283095
404	8/11/2017	-0.003533212
405	8/14/2017	0.004190384
406	8/15/2017	0.004172898
407	8/16/2017	-0.003835908
408	8/17/2017	0.001390577
409	8/18/2017	-0.002029513
410	8/21/2017	-0.003532077
411	8/22/2017	0.004833566
412	8/23/2017	-0.004275799
413	8/24/2017	0.001395566
414	8/25/2017	-0.005789033
415	8/28/2017	-0.005714891
416	8/29/2017	0.001518263
417	8/30/2017	0.005739026
418	8/31/2017	-0.002260971
419	9/1/2017	0.001510737
420	9/5/2017	-0.005387351
421	9/6/2017	-0.000216629
422	9/7/2017	-0.008234933
423	9/8/2017	-0.002185043
424	9/11/2017	0.00580312
425	9/12/2017	0.000544339
426	9/13/2017	0.006636851
427	9/14/2017	-0.004323325
428	9/15/2017	-0.002713851
429	9/18/2017	0.00195929
430	9/19/2017	-0.002824574
431	9/20/2017	0.007844003
432	9/21/2017	-0.00270241
433	9/22/2017	-0.000975547
434	9/25/2017	0.005207812
435	9/26/2017	0.003453848
436	9/27/2017	0.004194902
437	9/28/2017	-0.002892084
438	9/29/2017	-0.000107358
439	10/2/2017	0.005156811
440	10/3/2017	0.000106905
441	10/4/2017	-0.001175601
442	10/5/2017	0.005349882
443	10/6/2017	-0.00170281
444	10/9/2017	-0.000639712
445	10/10/2017	-0.00480048
446	10/11/2017	-0.003537378
447	10/12/2017	0.001721213
448	10/13/2017	-0.00032224
449	10/16/2017	0.002041068
450	10/17/2017	0.002251276
451	10/18/2017	-0.001390491
452	10/19/2017	-0.000964053
453	10/20/2017	0.004610271
454	10/23/2017	0.00256142
455	10/24/2017	0.00021287
456	10/25/2017	-0.002660707
457	10/26/2017	0.009604119
458	10/27/2017	0.003276577
459	10/30/2017	-0.004530131
460	10/31/2017	0.000635041
461	11/1/2017	0.0028556
462	11/2/2017	-0.001370998
463	11/3/2017	0.002640194
464	11/6/2017	-0.002317263
465	11/7/2017	0.002005944
466	11/8/2017	-0.000421462
467	11/9/2017	-0.004532529
468	11/10/2017	-0.000529468
469	11/13/2017	0.001059424
470	11/14/2017	-0.006984824
471	11/15/2017	-0.000213194
472	11/16/2017	0.001279203
473	11/17/2017	-0.002874438
474	11/20/2017	0.004484283
475	11/21/2017	-0.001381856
476	11/22/2017	-0.007770048
477	11/24/2017	-0.004934553
478	11/27/2017	0.001509271
479	11/28/2017	0.003875134
480	11/29/2017	0
481	11/30/2017	-0.002680678
482	12/1/2017	-0.001182669
483	12/4/2017	0.003121636
484	12/5/2017	0.002038792
485	12/6/2017	0.002463097
486	12/7/2017	0.002029719
487	12/8/2017	0.001066087
488	12/11/2017	-0.000319478
489	12/12/2017	0.002450144
490	12/13/2017	-0.007120064
491	12/14/2017	0.000642171
492	12/15/2017	0.004706407
493	12/18/2017	-0.002448664
494	12/19/2017	-0.0024546
495	12/20/2017	-0.001283866
496	12/21/2017	-0.000749855
497	12/22/2017	0.000750418
498	12/26/2017	-0.000964071
499	12/27/2017	-0.002466256
500	12/28/2017	-0.004622176
501	12/29/2017	-0.005183531
502	1/2/2018	-0.002931014
503	1/3/2018	0.003375133
504	1/4/2018	-0.00336378
505	1/5/2018	0.001088721
506	1/8/2018	0.004132735
507	1/9/2018	0.002166111
508	1/10/2018	-0.002161429
509	1/11/2018	-0.005198787
510	1/12/2018	-0.009580806
511	1/16/2018	-0.00637575
512	1/17/2018	0.001659498
513	1/18/2018	-0.000441805
514	1/19/2018	0.000773481
515	1/22/2018	-0.001876979
516	1/23/2018	-0.003097334
517	1/24/2018	-0.010097692
518	1/25/2018	0.002017711
519	1/26/2018	-0.003579808
520	1/29/2018	0.002694487
521	1/30/2018	-0.00134359
522	1/31/2018	-0.000672777
523	2/1/2018	-0.00516099
524	2/2/2018	0.005977208
525	2/5/2018	0.003923834
526	2/6/2018	0.0004466
527	2/7/2018	0.007478581
528	2/8/2018	-0.000332362
529	2/9/2018	0.002327374
530	2/12/2018	-0.002543156
531	2/13/2018	-0.005653497
532	2/14/2018	-0.006465931
533	2/15/2018	-0.005947116
534	2/16/2018	0.00575688
535	2/20/2018	0.006958507
536	2/21/2018	0.004012494
537	2/22/2018	-0.003663432
538	2/23/2018	0.001448435
539	2/26/2018	-0.000667523
540	2/27/2018	0.006012035
541	2/28/2018	0.002766711
542	3/1/2018	-0.003200541
543	3/2/2018	-0.004207241
544	3/5/2018	0.001556593
545	3/6/2018	-0.005106561
546	3/7/2018	0.00022312
547	3/8/2018	0.005354797
548	3/9/2018	-0.000332967
549	3/12/2018	-0.002108936
550	3/13/2018	-0.002669611
551	3/14/2018	0.000446052
552	3/15/2018	0.004905262
553	3/16/2018	0.000998491
554	3/19/2018	-0.003657331
555	3/20/2018	0.005228042
556	3/21/2018	-0.006528759
557	3/22/2018	0.000891089
558	3/23/2018	-0.004673926
559	3/26/2018	-0.004584112
560	3/27/2018	0.003818982
561	3/28/2018	0.007720655
562	3/29/2018	0.000999378
563	4/2/2018	-0.001109251
564	4/3/2018	0.001665675
565	4/4/2018	-0.000665166
566	4/5/2018	0.003550033
567	4/6/2018	-0.003869091
568	4/9/2018	-0.002996393
569	4/10/2018	-0.002782725
570	4/11/2018	-0.000223195
571	4/12/2018	0.002009601
572	4/13/2018	0.000557136
573	4/16/2018	-0.004120301
574	4/17/2018	0.00100634
575	4/18/2018	0.001117136
576	4/19/2018	0.00357062
577	4/20/2018	0.004225017
578	4/23/2018	0.006864504
579	4/24/2018	-0.001869419
580	4/25/2018	0.004406753
581	4/26/2018	0.004277723
582	4/27/2018	-0.000218403
583	4/30/2018	0.003277201
584	5/1/2018	0.006641997
585	5/2/2018	0.000649054
586	5/3/2018	-0.001080943
587	5/4/2018	0.001731371
588	5/7/2018	0.001944474
589	5/8/2018	0.003989251
590	5/9/2018	-0.000859128
591	5/10/2018	-0.004191735
592	5/11/2018	-0.001187275
593	5/14/2018	0.000540253
594	5/15/2018	0.006804245
595	5/16/2018	0.001823622
596	5/17/2018	0.000856644
597	5/18/2018	0.001818744
598	5/21/2018	0.000427179
599	5/22/2018	-0.000747214
600	5/23/2018	0.004273058
601	5/24/2018	-0.00244658
602	5/25/2018	0.004371966
603	5/29/2018	0.006794776
604	5/30/2018	-0.007170726
605	5/31/2018	-0.001699458
606	6/1/2018	0.002127929
607	6/4/2018	-0.001804916
608	6/5/2018	-0.001382663
609	6/6/2018	-0.002449622
610	6/7/2018	-0.00277602
611	6/8/2018	0.001606006
612	6/11/2018	0.000320673
613	6/12/2018	0.00235094
614	6/13/2018	-0.000959531
615	6/14/2018	0.011311472
616	6/15/2018	0.000211079
617	6/18/2018	-0.000421996
618	6/19/2018	0.003588348
619	6/20/2018	-0.00031547
620	6/21/2018	-0.001998685
621	6/22/2018	-0.003689322
622	6/25/2018	-0.002539124
623	6/26/2018	0.004242692
624	6/27/2018	0.006442765
625	6/28/2018	0.001049407
626	6/29/2018	-0.007967313
627	7/2/2018	0.002536257
628	7/3/2018	-0.002951481
629	7/5/2018	-0.00126858
630	7/6/2018	-0.004551709
631	7/9/2018	0.000425362
632	7/10/2018	0.000318867
633	7/11/2018	0.006481777
634	7/12/2018	0.000950137
635	7/13/2018	-0.000632824
636	7/16/2018	-0.00253296
637	7/17/2018	0.004867199
638	7/18/2018	0.001158271
639	7/19/2018	0.000946529
640	7/20/2018	-0.007460324
641	7/23/2018	0.002223153
642	7/24/2018	-0.000633749
643	7/25/2018	-0.002642427
644	7/26/2018	0.004133097
645	7/27/2018	-0.000738786
646	7/30/2018	-0.003379795
647	7/31/2018	0.001377671
648	8/1/2018	0.00137586
649	8/2/2018	0.005812672
650	8/3/2018	-0.000315215
651	8/6/2018	0.002312403
652	8/7/2018	-0.001468121
653	8/8/2018	-0.001260271
654	8/9/2018	0.00420612
655	8/10/2018	0.009005246
656	8/13/2018	0.000311312
657	8/14/2018	0.003527378
658	8/15/2018	-0.000310204
659	8/16/2018	-0.000517011
660	8/17/2018	-0.005690678
661	8/20/2018	-0.002081124
662	8/21/2018	-0.006673618
663	8/22/2018	-0.001154734
664	8/23/2018	0.00493958
665	8/24/2018	-0.0049153
666	8/27/2018	-0.003888628
667	8/28/2018	-0.000633024
668	8/29/2018	-0.001266924
669	8/30/2018	0.001268531
670	8/31/2018	0.0044341
671	9/4/2018	0.002943021
672	9/5/2018	-0.003039206
673	9/6/2018	-0.001156312
674	9/7/2018	0.003683498
675	9/10/2018	-0.002306815
676	9/11/2018	-0.000945917
677	9/12/2018	-0.002735062
678	9/13/2018	-0.002742637
679	9/14/2018	0.004654136
680	9/17/2018	-0.004948421
681	9/18/2018	0.001163909
682	9/19/2018	-0.000739801
683	9/20/2018	-0.006768895
684	9/21/2018	0.003301001
685	9/24/2018	0.000424549
686	9/25/2018	-0.001379217
687	9/26/2018	0.000637469
688	9/27/2018	0.008599618
689	9/28/2018	0.002000021
690	10/1/2018	0.001155594
691	10/2/2018	0.002203557
692	10/3/2018	0.002617527
693	10/4/2018	-0.000104449
694	10/5/2018	-0.001357671
695	10/8/2018	0.001568647
696	10/9/2018	-0.00093972
697	10/10/2018	-0.001776735
698	10/11/2018	-0.005130405
699	10/12/2018	0.002104862
700	10/15/2018	-0.00157531
701	10/16/2018	-0.00021034
702	10/17/2018	0.005576002
703	10/18/2018	0.003347981
704	10/19/2018	-0.001981262
705	10/22/2018	0.0031345
706	10/23/2018	-0.00052081
707	10/24/2018	0.004897885
708	10/25/2018	0.002592554
709	10/26/2018	-0.003309878
710	10/29/2018	0.002283115
711	10/30/2018	0.004452267
712	10/31/2018	0.001236934
713	11/1/2018	-0.008751138
714	11/2/2018	0.002700478
715	11/5/2018	-0.001968127
716	11/6/2018	-0.000311344
717	11/7/2018	-0.003322259
718	11/8/2018	0.006666656
719	11/9/2018	0.002793926
720	11/12/2018	0.006500846
721	11/13/2018	-0.002460508
722	11/14/2018	-0.005138746
723	11/15/2018	0.001342944
724	11/16/2018	-0.004745682
725	11/19/2018	-0.002902446
726	11/20/2018	0.006445535
727	11/21/2018	-0.001032941
728	11/23/2018	0.00217143
729	11/26/2018	0.001547689
730	11/27/2018	0.003090584
731	11/28/2018	-0.005956681
732	11/29/2018	-0.000103337
733	11/30/2018	0.005063009
734	12/3/2018	-0.002364511
735	12/4/2018	-0.000721352
736	12/6/2018	-0.001650026
737	12/7/2018	-0.003098812
738	12/10/2018	0.00735674
739	12/11/2018	0.001748591
740	12/12/2018	-0.003593778
741	12/13/2018	0.00020607
742	12/14/2018	0.003915145
743	12/17/2018	-0.003489368
744	12/18/2018	0.000411957
745	12/19/2018	-0.001029421
746	12/20/2018	-0.007831842
747	12/21/2018	0.007062734
748	12/24/2018	-0.004228507
749	12/26/2018	0.005178664
750	12/27/2018	-0.005873261
751	12/28/2018	-0.000932877
752	12/31/2018	-0.002282405
753	1/2/2019	0.006758885
754	1/3/2019	-0.005267527
755	1/4/2019	-0.001245935
756	1/7/2019	-0.004990155
757	1/8/2019	0.001985195
758	1/9/2019	-0.00709073
759	1/10/2019	0.003360638
760	1/11/2019	0.001360655
761	1/14/2019	-0.000836229
762	1/15/2019	0.003975364
763	1/16/2019	0.000937762
764	1/17/2019	0.000104122
765	1/18/2019	0.002810409
766	1/22/2019	-0.000415124
767	1/23/2019	-0.001869159
768	1/24/2019	0.004993706
769	1/25/2019	-0.008385062
770	1/28/2019	-0.000417591
771	1/29/2019	0.00073107
772	1/30/2019	-0.005009434
773	1/31/2019	0.00251737
774	2/1/2019	0
775	2/4/2019	0.002824817
776	2/5/2019	0.002608242
777	2/6/2019	0.003329865
778	2/7/2019	0.000933458
779	2/8/2019	0.00134698
780	2/11/2019	0.004346016
781	2/12/2019	-0.003606007
782	2/13/2019	0.00434286
783	2/14/2019	-0.00154426
784	2/15/2019	-0.000618736
785	2/19/2019	-0.004127126
786	2/20/2019	-0.000725238
787	2/21/2019	0.001658932
788	2/22/2019	-0.001035079
789	2/25/2019	-0.001036141
790	2/26/2019	-0.004252712
791	2/27/2019	0.001562521
792	2/28/2019	0.000104025
793	3/1/2019	0.003847702
794	3/4/2019	0.001553931
795	3/5/2019	0.001758357
796	3/6/2019	0.000206557
797	3/7/2019	0.008258439
798	3/8/2019	-0.003071516
799	3/11/2019	-0.001540536
800	3/12/2019	-0.002880056
801	3/13/2019	-0.004023097
802	3/14/2019	0.002485738
803	3/15/2019	-0.001963044
804	3/18/2019	-0.000828168
805	3/19/2019	-0.001450477
806	3/20/2019	-0.006432818
807	3/21/2019	0.007727631
808	3/22/2019	0.001554425
809	3/25/2019	-0.00082775
810	3/26/2019	0.00176036
811	3/27/2019	0.000310099
812	3/28/2019	0.004443526
813	3/29/2019	0.000823066
814	4/1/2019	-0.000308378
815	4/2/2019	0.001131116
816	4/3/2019	-0.002773264
817	4/4/2019	0.00226596
818	4/5/2019	0.00092492
819	4/8/2019	-0.003593419
820	4/9/2019	-0.000412169
821	4/10/2019	-0.000618544
822	4/11/2019	0.002372388
823	4/12/2019	-0.002160928
824	4/15/2019	-0.000309364
825	4/16/2019	0.001031556
826	4/17/2019	-0.000309141
827	4/18/2019	0.004741769
828	4/22/2019	-0.001949338
829	4/23/2019	0.002981096
830	4/24/2019	0.005431977
831	4/25/2019	0.001019358
832	4/26/2019	-0.001934776
833	4/29/2019	-0.001530466
834	4/30/2019	-0.003883078
835	5/1/2019	0.002154278
836	5/2/2019	0.001433105
837	5/3/2019	-0.003168813
838	5/6/2019	0
839	5/7/2019	0.001127974
840	5/8/2019	-0.000102366
841	5/9/2019	-0.002560951
842	5/10/2019	-0.000410814
843	5/13/2019	-0.000102764
844	5/14/2019	0.00215782
845	5/15/2019	0.00041014
846	5/16/2019	0.002767203
847	5/17/2019	0.001635364
848	5/20/2019	-0.000714286
849	5/21/2019	0.001327458
850	5/22/2019	0.000509923
851	5/23/2019	-0.002650117
852	5/24/2019	-0.002452703
853	5/28/2019	0.003585678
854	5/29/2019	0.001837485
855	5/30/2019	0
856	5/31/2019	-0.003973905
857	6/3/2019	-0.006240419
858	6/4/2019	-0.000720599
859	6/5/2019	0.003090584
860	6/6/2019	-0.003491876
861	6/7/2019	-0.004328538
862	6/10/2019	0.001552645
863	6/11/2019	-0.000723439
864	6/12/2019	0.003206102
865	6/13/2019	0.000103113
866	6/14/2019	0.00577258
867	6/17/2019	-0.000102511
868	6/18/2019	0.000820018
869	6/19/2019	-0.005325645
870	6/20/2019	-0.005045366
871	6/21/2019	-0.004242947
872	6/24/2019	-0.002494263
873	6/25/2019	0.001875401
874	6/26/2019	0.000519915
875	6/27/2019	-0.000207847
876	6/28/2019	-0.000623817
877	7/1/2019	0.007385822
878	7/2/2019	-0.001135822
879	7/3/2019	0.00041346
880	7/5/2019	0.004960246
881	7/8/2019	0.00133673
882	7/9/2019	0.001129606
883	7/10/2019	-0.00400041
884	7/11/2019	-0.000514882
885	7/12/2019	-0.002473004
886	7/15/2019	0.001239562
887	7/16/2019	0.004848881
888	7/17/2019	-0.00184806
889	7/18/2019	-0.004422958
890	7/19/2019	0.003719403
891	7/22/2019	0.00113227
892	7/23/2019	0.004626743
893	7/24/2019	0.000204728
894	7/25/2019	0.000920874
895	7/26/2019	0.001942364
896	7/29/2019	0.000306081
897	7/30/2019	0.00010202
898	7/31/2019	0.004793411
899	8/1/2019	-0.001319509
900	8/2/2019	-0.002947464
901	8/5/2019	-0.006116188
902	8/6/2019	0.001333303
903	8/7/2019	-0.000921807
904	8/8/2019	0.000820197
905	8/9/2019	-0.001331746
906	8/12/2019	-0.001128331
907	8/13/2019	0.004415702
908	8/14/2019	0.001840303
909	8/15/2019	0.001530779
910	8/16/2019	0
911	8/19/2019	0.00213979
912	8/20/2019	-0.001626802
913	8/21/2019	0.001120287
914	8/22/2019	-0.001322533
915	8/23/2019	-0.005398788
916	8/26/2019	0.004506381
917	8/27/2019	-0.000815681
918	8/28/2019	0.002142847
919	8/29/2019	0.003054709
920	8/30/2019	0.004161973
921	9/3/2019	0.000303265
922	9/4/2019	-0.005053057
923	9/5/2019	-0.000406227
924	9/6/2019	-0.000203282
925	9/9/2019	-0.001118
926	9/10/2019	0.000508781
927	9/11/2019	0.003254348
928	9/12/2019	-0.003446569
929	9/13/2019	-0.000508555
930	9/16/2019	0.003969062
931	9/17/2019	-0.00395337
932	9/18/2019	0.003460167
933	9/19/2019	-0.003346866
934	9/20/2019	0.002442302
935	9/23/2019	0.000913572
936	9/24/2019	-0.002636937
937	9/25/2019	0.007118213
938	9/26/2019	0.001716458
939	9/27/2019	-0.001007943
940	9/30/2019	0.002724205
941	10/1/2019	-0.002515597
942	10/2/2019	-0.000907858
943	10/3/2019	-0.001817447
944	10/4/2019	-0.000505796
945	10/7/2019	0.001821678
946	10/8/2019	0.001515315
947	10/9/2019	-0.000201695
948	10/10/2019	-0.004136441
949	10/11/2019	-0.004153541
950	10/14/2019	0.00152588
951	10/15/2019	-0.00162515
952	10/16/2019	-0.002848703
953	10/17/2019	-0.004081226
954	10/18/2019	-0.003380822
955	10/21/2019	0.000514011
956	10/22/2019	0.002054834
957	10/23/2019	-0.000615175
958	10/24/2019	0.00164149
959	10/25/2019	0.002048602
960	10/28/2019	-0.000715527
961	10/29/2019	-0.000716039
962	10/30/2019	-0.000409458
963	10/31/2019	-0.003072238
964	11/1/2019	-0.001129944
965	11/4/2019	0.002776676
966	11/5/2019	0.004820029
967	11/6/2019	-0.000306246
968	11/7/2019	0.001939786
969	11/8/2019	0.00213979
970	11/11/2019	-0.001525175
971	11/12/2019	0.001120173
972	11/13/2019	0.000610365
973	11/14/2019	-0.002134787
974	11/15/2019	-0.001630033
975	11/18/2019	-0.002142847
976	11/19/2019	0.00071582
977	11/20/2019	0.000715297
978	11/21/2019	0.000612662
979	11/22/2019	0.002857424
980	11/25/2019	0.000508833
981	11/26/2019	-0.000711961
982	11/27/2019	0.001628539
983	11/29/2019	-0.001422691
984	12/2/2019	-0.004172138
985	12/3/2019	-0.001226272
986	12/4/2019	-0.000920769
987	12/5/2019	-0.002457737
988	12/6/2019	0.002977035
989	12/9/2019	-0.000614104
990	12/10/2019	-0.002355541
991	12/11/2019	-0.002566472
992	12/12/2019	0.002470132
993	12/13/2019	-0.002361437
994	12/16/2019	-0.001029104
995	12/17/2019	0.001442248
996	12/18/2019	0.002057453
997	12/19/2019	0.000102597
998	12/20/2019	0.002976812
999	12/23/2019	-0.000511667
1000	12/24/2019	-0.000102417
1001	12/26/2019	-0.000614501
1002	12/27/2019	-0.006865437
1003	12/30/2019	-0.001857202
1004	12/31/2019	-0.003617935
1005	1/2/2020	0.004772269
1006	1/3/2020	-0.000103273
1007	1/6/2020	-0.001755452
1008	1/7/2020	0.003206838
1009	1/8/2020	0.003299649
1010	1/9/2020	0.001541562
1011	1/10/2020	-0.00092351
1012	1/13/2020	-0.000102742
1013	1/14/2020	0.000205496
1014	1/15/2020	-0.001437814
1015	1/16/2020	0.000925609
1016	1/17/2020	0.002979871
1017	1/21/2020	-0.000819609
1018	1/22/2020	0
1019	1/23/2020	0.001640552
1020	1/24/2020	0.001637793
1021	1/27/2020	0.00112418
1022	1/28/2020	0.000612474
1023	1/29/2020	-0.00030605
1024	1/30/2020	-0.001224564
1025	1/31/2020	-0.004904506
1026	2/3/2020	0.004209919
1027	2/4/2020	0.001635951
1028	2/5/2020	0.003164537
1029	2/6/2020	0.002340521
1030	2/7/2020	0.001827411
1031	2/10/2020	0.001520085
1032	2/11/2020	-0.001113032
1033	2/12/2020	0.003342808
1034	2/13/2020	0.000201888
1035	2/14/2020	0.000504724
1036	2/18/2020	0.003430145
1037	2/19/2020	0.001407591
1038	2/20/2020	0.002710894
1039	2/21/2020	-0.00610795
1040	2/24/2020	0.000302226
1041	2/25/2020	-0.003222882
1042	2/26/2020	0.000303112
1043	2/27/2020	-0.005656545
1044	2/28/2020	-0.003149177
1045	3/2/2020	-0.007846693
1046	3/3/2020	-0.002156933
1047	3/4/2020	0.001955677
1048	3/5/2020	-0.005342059
1049	3/6/2020	-0.008985778
1050	3/9/2020	-0.010943148
1051	3/10/2020	0.015911507
1052	3/11/2020	0.001037216
1053	3/12/2020	0.009947145
1054	3/13/2020	0.013132235
1055	3/16/2020	-0.006683585
1056	3/17/2020	0.015190193
1057	3/18/2020	0.01586666
1058	3/19/2020	0.015816508
1059	3/20/2020	0.000583865
1060	3/23/2020	-0.003209512
1061	3/24/2020	-0.007317787
1062	3/25/2020	-0.006781944
1063	3/26/2020	-0.016130677
1064	3/27/2020	-0.010561205
1065	3/30/2020	0.008234187
1066	3/31/2020	-0.001310718
1067	4/1/2020	0.006259414
1068	4/2/2020	0.005116906
1069	4/3/2020	0.003992833
1070	4/6/2020	0.001093657
1071	4/7/2020	-0.007051336
1072	4/8/2020	0.00140028
1073	4/9/2020	-0.005992868
1074	4/13/2020	-0.001708189
1075	4/14/2020	-0.004630086
1076	4/15/2020	0.00576398
1077	4/16/2020	0.005730947
1078	4/17/2020	-0.00249925
1079	4/20/2020	0.001803969
1080	4/21/2020	0.003001231
1081	4/22/2020	0.001296599
1082	4/23/2020	0.000398456
1083	4/24/2020	-0.000497889
1084	4/27/2020	-0.003387089
1085	4/28/2020	-0.0016993
1086	4/29/2020	-0.003003935
1087	4/30/2020	-0.005523782
1088	5/1/2020	-0.002221713
1089	5/4/2020	0.006882591
1090	5/5/2020	0.002311982
1091	5/6/2020	0.003811022
1092	5/7/2020	-0.001998172
1093	5/8/2020	-0.001601722
1094	5/11/2020	0.005113757
1095	5/12/2020	-0.003092558
1096	5/13/2020	0.003102152
1097	5/14/2020	0.002294523
1098	5/15/2020	-0.000696715
1099	5/18/2020	-0.007270956
1100	5/19/2020	-0.003009883
1101	5/20/2020	-0.00251585
1102	5/21/2020	0.002522195
1103	5/22/2020	0.004931045
1104	5/26/2020	-0.009513289
1105	5/27/2020	0.001516469
1106	5/28/2020	-0.006864537
1107	5/29/2020	-0.000406597
1108	6/1/2020	-0.005186028
1109	6/2/2020	-0.001635531
1110	6/3/2020	-0.003993028
1111	6/4/2020	-0.006167753
1112	6/5/2020	0.002689305
1113	6/8/2020	-0.003301001
1114	6/9/2020	-0.003104978
1115	6/10/2020	-0.003737552
1116	6/11/2020	0.008024219
1117	6/12/2020	0.006099421
1118	6/15/2020	-0.006576243
1119	6/16/2020	0.002896142
1120	6/17/2020	0.002062758
1121	6/18/2020	0.002675936
1122	6/19/2020	0.002053018
1123	6/22/2020	-0.005941426
1124	6/23/2020	-0.00360675
1125	6/24/2020	0.004757472
1126	6/25/2020	0.00288212
1127	6/26/2020	0.000718465
1128	6/29/2020	0.000410267
1129	6/30/2020	-0.001537851
1130	7/1/2020	-0.00195094
1131	7/2/2020	0.001234599
1132	7/6/2020	-0.005445941
1133	7/7/2020	0.000929807
1134	7/8/2020	-0.004644891
1135	7/9/2020	0.002799927
1136	7/10/2020	-0.000517011
1137	7/13/2020	-0.001965887
1138	7/14/2020	-0.002073367
1139	7/15/2020	-0.001869936
1140	7/16/2020	0.002810117
1141	7/17/2020	-0.004255278
1142	7/20/2020	-0.00114655
1143	7/21/2020	-0.007408943
1144	7/22/2020	-0.001576976
1145	7/23/2020	-0.002948289
1146	7/24/2020	-0.002640194
1147	7/27/2020	-0.008153367
1148	7/28/2020	0.000960863
1149	7/29/2020	-0.005332764
1150	7/30/2020	-0.002573504
1151	7/31/2020	0.005052688
1152	8/3/2020	0.000106985
1153	8/4/2020	-0.001283455
1154	8/5/2020	-0.005889859
1155	8/6/2020	-0.000430906
1156	8/7/2020	0.007005076
1157	8/10/2020	0.001498288
1158	8/11/2020	0.000534249
1159	8/12/2020	-0.002029211
1160	8/13/2020	-0.00107027
1161	8/14/2020	-0.002571224
1162	8/17/2020	-0.002685285
1163	8/18/2020	-0.006246645
1164	8/19/2020	0.006719432
1165	8/20/2020	-0.001076521
1166	8/21/2020	0.00495742
1167	8/24/2020	0.000536225
1168	8/25/2020	-0.003001136
1169	8/26/2020	-0.00010745
1170	8/27/2020	0
1171	8/28/2020	-0.00688097
1172	8/31/2020	-0.002490029
1173	9/1/2020	0.002170577
1174	9/2/2020	0.005523089
1175	9/3/2020	-0.001184707
1176	9/4/2020	-0.000215624
1177	9/8/2020	0.008196743
1178	9/9/2020	-0.002353455
1179	9/10/2020	0.000857753
1180	9/11/2020	-0.000107071
1181	9/14/2020	-0.002785835
1182	9/15/2020	-0.00021486
1183	9/16/2020	0.001719463
1184	9/17/2020	-0.00257481
1185	9/18/2020	-0.000430257
1186	9/21/2020	0.006564091
1187	9/22/2020	0.004810744
1188	9/23/2020	0.004255783
1189	9/24/2020	-0.000423784
1190	9/25/2020	0.002437774
1191	9/28/2020	-0.003383379
1192	9/29/2020	-0.003925345
1193	9/30/2020	0
1194	10/1/2020	-0.001917137
1195	10/2/2020	0.001387227
1196	10/5/2020	-0.00351656
1197	10/6/2020	0.003422094
1198	10/7/2020	-0.002131568
1199	10/8/2020	-0.000213564
1200	10/9/2020	-0.005875473
1201	10/12/2020	0.000107479
1202	10/13/2020	0.004942506
1203	10/14/2020	-0.001603785
1204	10/15/2020	0.00514033
1205	10/16/2020	-0.00191776
1206	10/19/2020	-0.002668659
1207	10/20/2020	-0.003853152
1208	10/21/2020	-0.004942506
1209	10/22/2020	0.003671267
1210	10/23/2020	-0.001936525
1211	10/26/2020	0.003018282
1212	10/27/2020	-0.001182171
1213	10/28/2020	0.005057047
1214	10/29/2020	0.005887967
1215	10/30/2020	0.000851447
1216	11/2/2020	0.000106359
1217	11/3/2020	-0.005316321
1218	11/4/2020	-0.001496515
1219	11/5/2020	-0.009420886
1220	11/6/2020	-0.003242149
1221	11/9/2020	0.005421229
1222	11/10/2020	0.000215648
1223	11/11/2020	0.003126695
1224	11/12/2020	-0.000859867
1225	11/13/2020	-0.002151431
1226	11/16/2020	-0.002048318
1227	11/17/2020	-0.001620417
1228	11/18/2020	-0.001081995
1229	11/19/2020	-0.000324946
1230	11/20/2020	0.001083519
1231	11/23/2020	0.001298874
1232	11/24/2020	-0.003026689
1233	11/25/2020	-0.002602244
1234	11/27/2020	-0.002174117
1235	11/30/2020	0.000871576
1236	12/1/2020	-0.006095624
1237	12/2/2020	-0.002080769
1238	12/3/2020	-0.004499605
1239	12/4/2020	-0.000110263
1240	12/7/2020	0.000992326
1241	12/8/2020	0.001982597
1242	12/9/2020	0.001319061
1243	12/10/2020	-0.003293391
1244	12/11/2020	0.002092763
1245	12/14/2020	-0.002967729
1246	12/15/2020	-0.002645772
1247	12/16/2020	-0.000221112
1248	12/17/2020	-0.006965141
1249	12/18/2020	0.002226642
1250	12/21/2020	0.000222217
1251	12/22/2020	0.006774778
1252	12/23/2020	-0.002647523
1253	12/24/2020	-0.00088488
1254	12/28/2020	0.000110639
1255	12/29/2020	-0.003652801
1256	12/30/2020	-0.004221809
1257	12/31/2020	0.003458719
1258	1/4/2021	-0.000667167
1259	1/5/2021	-0.004895361
1260	1/6/2021	0.001006228
1261	1/7/2021	0.003350866
1262	1/8/2021	0.003005633
1263	1/11/2021	0.004883496
1264	1/12/2021	-0.00541195
1265	1/13/2021	0.002998301
1266	1/14/2021	-0.000885762
1267	1/15/2021	0.005984054
1268	1/19/2021	-0.003084369
1269	1/20/2021	-0.000331481
1270	1/21/2021	-0.003758196
1271	1/22/2021	0.00122047
1272	1/25/2021	0.001662245
1273	1/26/2021	-0.002433909
1274	1/27/2021	0.005323323
1275	1/28/2021	-0.002096007
1276	1/29/2021	0.001326586
1277	2/1/2021	0.004857529
1278	2/2/2021	0.001977587
1279	2/3/2021	-0.000877127
1280	2/4/2021	0.004499517
1281	2/5/2021	-0.005353414
1282	2/8/2021	-0.001208271
1283	2/9/2021	-0.005388739
1284	2/10/2021	-0.000773983
1285	2/11/2021	0.000553226
1286	2/12/2021	0.000663625
1287	2/16/2021	0.000331554
1288	2/17/2021	0.004861286
1289	2/18/2021	-0.00395823
1290	2/19/2021	-0.002538856
1291	2/22/2021	-0.003873384
1292	2/23/2021	0.001777536
1293	2/24/2021	0.000110924
1294	2/25/2021	-0.00055448
1295	2/26/2021	0.008876101
1296	3/1/2021	0.001209733
1297	3/2/2021	-0.002746046
1298	3/3/2021	0.001762265
1299	3/4/2021	0.007476636
1300	3/5/2021	0.003819775
1301	3/8/2021	0.003587682
1302	3/9/2021	-0.003791561
1303	3/10/2021	-0.001848608
1304	3/11/2021	-0.004030973
1305	3/12/2021	0.002844039
1306	3/15/2021	0.001636147
1307	3/16/2021	0.000435598
1308	3/17/2021	-0.005115935
1309	3/18/2021	0.00492337
1310	3/19/2021	0.000762112
1311	3/22/2021	-0.001305429
1312	3/23/2021	0.005882276
1313	3/24/2021	0.002057646
1314	3/25/2021	0.003782535
1315	3/26/2021	-0.001184324
1316	3/29/2021	0.001832543
1317	3/30/2021	0.003873477
1318	3/31/2021	-0.000750268
1319	4/1/2021	-0.00321788
1320	4/5/2021	-0.003551081
1321	4/6/2021	-0.002807797
1322	4/7/2021	0.001299578
1323	4/8/2021	-0.004326206
1324	4/9/2021	0.001086313
1325	4/12/2021	-0.000217068
1326	4/13/2021	-0.003147395
1327	4/14/2021	-0.001741927
1328	4/15/2021	-0.00021817
1329	4/16/2021	-0.001199956
1330	4/19/2021	-0.00535166
1331	4/20/2021	0.001866674
1332	4/21/2021	-0.000876743
1333	4/22/2021	0.001864831
1334	4/23/2021	-0.005146184
1335	4/26/2021	-0.00055033
1336	4/27/2021	0.001101266
1337	4/28/2021	-0.0033
1338	4/29/2021	0
1339	4/30/2021	0.007394305
1340	5/3/2021	-0.003615272
1341	5/4/2021	0.003738362
1342	5/5/2021	0.000219049
1343	5/6/2021	-0.003942624
1344	5/7/2021	-0.007916372
1345	5/10/2021	-0.0002217
1346	5/11/2021	-0.000775967
1347	5/12/2021	0.006323497
1348	5/13/2021	0.000440977
1349	5/14/2021	-0.004738292
1350	5/17/2021	-0.001107163
1351	5/18/2021	-0.005209499
1352	5/19/2021	0.004902529
1353	5/20/2021	-0.004213372
1354	5/21/2021	0.002338259
1355	5/24/2021	-0.002110587
1356	5/25/2021	-0.00211514
1357	5/26/2021	0.004462316
1358	5/27/2021	-0.000777432
1359	5/28/2021	0.000666867
1360	6/1/2021	-0.002221448
1361	6/2/2021	0.00077925
1362	6/3/2021	0.00667406
1363	6/4/2021	-0.003977912
1364	6/7/2021	-0.002107854
1365	6/8/2021	0.001445303
1366	6/9/2021	0.000444061
1367	6/10/2021	-0.000443864
1368	6/11/2021	0.005328552
1369	6/14/2021	-0.000441707
1370	6/15/2021	0.00022099
1371	6/16/2021	0.006516413
1372	6/17/2021	0.008339757
1373	6/18/2021	0.00370012
1374	6/21/2021	-0.004011731
1375	6/22/2021	-0.001415175
1376	6/23/2021	0.000763109
1377	6/24/2021	0.000217832
1378	6/25/2021	-0.000108931
1379	6/28/2021	0.000762433
1380	6/29/2021	0.001850305
1381	6/30/2021	0.004236817
1382	7/1/2021	0.001730809
1383	7/2/2021	-0.003995626
1384	7/6/2021	0.003469587
1385	7/7/2021	0.000972404
1386	7/8/2021	-0.003022431
1387	7/9/2021	-0.002490299
1388	7/12/2021	0.001085488
1389	7/13/2021	0.005638046
1390	7/14/2021	-0.003665725
1391	7/15/2021	0.00227247
1392	7/16/2021	0.000755765
1393	7/19/2021	0.002157698
1394	7/20/2021	0.000861255
1395	7/21/2021	-0.002366365
1396	7/22/2021	0.000754717
1397	7/23/2021	0.000969662
1398	7/26/2021	-0.002798428
1399	7/27/2021	-0.002374549
1400	7/28/2021	-0.00119009
1401	7/29/2021	-0.004982658
1402	7/30/2021	0.003374668
1403	8/2/2021	-0.001301888
1404	8/3/2021	0.000325899
1405	8/4/2021	0.002063369
1406	8/5/2021	-0.000325122
1407	8/6/2021	0.006071173
1408	8/9/2021	0.001616315
1409	8/10/2021	0.001183443
1410	8/11/2021	-0.001611799
1411	8/12/2021	0.001399171
1412	8/13/2021	-0.005589037
1413	8/16/2021	0.001188932
1414	8/17/2021	0.005397819
1415	8/18/2021	0.000107398
1416	8/19/2021	0.004616717
1417	8/20/2021	-0.000748103
1418	8/23/2021	-0.005775412
1419	8/24/2021	-0.000753012
1420	8/25/2021	-0.000645893
1421	8/26/2021	0.002477604
1422	8/27/2021	-0.003975887
1423	8/30/2021	-0.000431546
1424	8/31/2021	-0.00021592
1425	9/1/2021	-0.001943215
1426	9/2/2021	-0.0023796
1427	9/3/2021	-0.002060089
1428	9/7/2021	0.00521508
1429	9/8/2021	0.001405156
1430	9/9/2021	-0.001834852
1431	9/10/2021	0.001081304
1432	9/13/2021	0.00043207
1433	9/14/2021	0.000323893
1434	9/15/2021	-0.001726972
1435	9/16/2021	0.004000465
1436	9/17/2021	0.003661383
1437	9/20/2021	0.000429195
1438	9/21/2021	-0.000429011
1439	9/22/2021	0.002789721
1440	9/23/2021	-0.003851926
1441	9/24/2021	0.002470505
1442	9/27/2021	0.00053568
1443	9/28/2021	0.004176483
1444	9/29/2021	0.006078693
1445	9/30/2021	-0.000953954
1446	10/1/2021	-0.002228106
1447	10/4/2021	-0.0024458
1448	10/5/2021	0.001812227
1449	10/6/2021	0.003085699
1450	10/7/2021	-0.000530349
1451	10/8/2021	-0.001592029
1452	10/11/2021	0.002657595
1453	10/12/2021	0.002120409
1454	10/13/2021	-0.004655047
1455	10/14/2021	-0.001275542
1456	10/15/2021	-0.000212825
1457	10/18/2021	0.000106398
1458	10/19/2021	-0.001702991
1459	10/20/2021	-0.002452319
1460	10/21/2021	0.002244538
1461	10/22/2021	-0.00170626
1462	10/25/2021	0.002136492
1463	10/26/2021	0.001492368
1464	10/27/2021	-0.000957914
1465	10/28/2021	-0.005433656
1466	10/29/2021	0.008248581
1467	11/1/2021	-0.00255
1468	11/2/2021	0.002236888
1469	11/3/2021	-0.002444415
1470	11/4/2021	0.005220509
1471	11/5/2021	-0.000317944
1472	11/8/2021	-0.002862564
1473	11/9/2021	-0.00095698
1474	11/10/2021	0.009472105
1475	11/11/2021	0.003479199
1476	11/12/2021	-0.000525352
1477	11/15/2021	0.002943414
1478	11/16/2021	0.005345289
1479	11/17/2021	-0.00093824
1480	11/18/2021	-0.003026203
1481	11/19/2021	0.005547404
1482	11/22/2021	0.004475903
1483	11/23/2021	-0.000103648
1484	11/24/2021	0.003627298
1485	11/26/2021	-0.007744734
1486	11/29/2021	0.002601728
1487	11/30/2021	-0.003632946
1488	12/1/2021	0.000625117
1489	12/2/2021	0.000832837
1490	12/3/2021	-0.000103963
1491	12/6/2021	0.001768602
1492	12/7/2021	0.000830844
1493	12/8/2021	-0.004980845
1494	12/9/2021	0.003962853
1495	12/10/2021	-0.002285177
1496	12/13/2021	0.002811005
1497	12/14/2021	0.002595515
1498	12/15/2021	-0.00062129
1499	12/16/2021	-0.004869972
1500	12/17/2021	0.005518523
1501	12/20/2021	-0.000207073
1502	12/21/2021	-0.000621491
1503	12/22/2021	-0.004249104
1504	12/23/2021	-0.000624532
1505	12/27/2021	0.000729004
1506	12/28/2021	0.001144771
1507	12/29/2021	-0.002806622
1508	12/30/2021	0.000416981