Date,Year,GOOGLE,Volume,EURUSD,UST10Y
1/4/2016,2016,741.840027,3272800,1.085399,2.245
1/5/2016,2016,742.580017,1950700,1.082755,2.248
1/6/2016,2016,743.619995,1947000,1.075199,2.177
1/7/2016,2016,726.390015,2963700,1.0779,2.153
1/8/2016,2016,714.469971,2450900,1.092598,2.13
1/11/2016,2016,716.030029,2090600,1.094104,2.158
1/12/2016,2016,726.070007,2024500,1.0858,2.102
1/13/2016,2016,700.559998,2501700,1.084399,2.066
1/14/2016,2016,714.719971,2225800,1.088601,2.098
1/15/2016,2016,694.450012,3608100,1.085894,2.033
1/19/2016,2016,701.789978,2268100,1.089503,2.035
1/20/2016,2016,698.450012,3445000,1.091298,1.984
1/21/2016,2016,706.590027,2412200,1.087701,2.019
1/22/2016,2016,725.25,2011800,1.086201,2.048
1/25/2016,2016,711.669983,1711700,1.079902,2.022
1/26/2016,2016,713.039978,1331700,1.085305,1.994
1/27/2016,2016,699.98999,2194200,1.086496,2.001
1/28/2016,2016,730.960022,2676400,1.090798,1.985
1/29/2016,2016,742.950012,3474300,1.093697,1.931
2/1/2016,2016,752,5139200,1.082591,1.966
2/2/2016,2016,764.650024,6348100,1.089728,1.864
2/3/2016,2016,726.950012,6171000,1.092204,1.881
2/4/2016,2016,708.01001,5168700,1.109102,1.864
2/5/2016,2016,683.570007,5105700,1.119996,1.848
2/8/2016,2016,682.73999,4247400,1.114504,1.735
2/9/2016,2016,678.109985,3608900,1.118981,1.729
2/10/2016,2016,684.119995,2638000,1.128999,1.705
2/11/2016,2016,683.109985,3024000,1.128095,1.644
2/12/2016,2016,682.400024,2141400,1.131798,1.748
2/16/2016,2016,691,2520000,1.117406,1.778
2/17/2016,2016,708.400024,2492600,1.114703,1.819
2/18/2016,2016,697.349976,1883200,1.112298,1.759
2/19/2016,2016,700.909973,1589300,1.111099,1.748
2/22/2016,2016,706.460022,1949800,1.112397,1.766
2/23/2016,2016,695.849976,2009300,1.102803,1.745
2/24/2016,2016,699.559998,1963600,1.102706,1.742
2/25/2016,2016,705.75,1642200,1.101394,1.697
2/26/2016,2016,705.070007,2243500,1.102499,1.762
2/29/2016,2016,697.77002,2481100,1.092395,1.74
3/1/2016,2016,718.809998,2151400,1.088898,1.834
3/2/2016,2016,718.849976,1629000,1.087595,1.848
3/3/2016,2016,712.419983,1958000,1.086897,1.83
3/4/2016,2016,710.890015,1972100,1.094895,1.883
3/7/2016,2016,695.159973,2985100,1.099396,1.902
3/8/2016,2016,693.969971,2076300,1.101601,1.832
3/9/2016,2016,705.23999,1421500,1.100401,1.892
3/10/2016,2016,712.820007,2833500,1.098901,1.929
3/11/2016,2016,726.820007,1970800,1.117843,1.977
3/14/2016,2016,730.48999,1718300,1.116794,1.963
3/15/2016,2016,728.330017,1721000,1.110198,1.959
3/16/2016,2016,736.090027,1624400,1.110901,1.938
3/17/2016,2016,737.780029,1860800,1.121894,1.903
3/18/2016,2016,737.599976,2980700,1.131798,1.871
3/21/2016,2016,742.090027,1836500,1.127904,1.923
3/22/2016,2016,740.75,1269700,1.123595,1.935
3/23/2016,2016,738.059998,1432100,1.122297,1.875
3/24/2016,2016,735.299988,1594900,1.118105,1.9
3/28/2016,2016,733.530029,1301300,1.115997,1.87
3/29/2016,2016,744.77002,1903800,1.120272,1.814
3/30/2016,2016,750.530029,1782400,1.129203,1.83
3/31/2016,2016,744.950012,1718800,1.133466,1.786
4/1/2016,2016,749.909973,1576700,1.137967,1.792
4/4/2016,2016,745.289978,1134200,1.139004,1.779
4/5/2016,2016,737.799988,1132300,1.1389,1.727
4/6/2016,2016,745.690002,1053700,1.1382,1.755
4/7/2016,2016,740.280029,1453200,1.140498,1.691
4/8/2016,2016,739.150024,1290800,1.137398,1.72
4/11/2016,2016,736.099976,1220100,1.140303,1.724
4/12/2016,2016,743.090027,1353000,1.141292,1.781
4/13/2016,2016,751.719971,1707100,1.138498,1.762
4/14/2016,2016,753.200012,1135300,1.127904,1.781
4/15/2016,2016,759,1809300,1.127002,1.752
4/18/2016,2016,766.609985,1558800,1.129995,1.773
4/19/2016,2016,753.929993,2030500,1.130902,1.783
4/20/2016,2016,752.669983,1529200,1.135963,1.854
4/21/2016,2016,759.140015,3060500,1.130506,1.87
4/22/2016,2016,718.77002,5951900,1.129203,1.888
4/25/2016,2016,723.150024,1959200,1.123406,1.902
4/26/2016,2016,708.140015,2744600,1.1269,1.931
4/27/2016,2016,705.840027,3098600,1.129905,1.86
4/28/2016,2016,691.02002,2867300,1.132901,1.838
4/29/2016,2016,693.01001,2487700,1.135589,1.819
5/2/2016,2016,698.210022,1645300,1.146303,1.865
5/3/2016,2016,692.359985,1543800,1.152499,1.8
5/4/2016,2016,695.700012,1693500,1.150404,1.784
5/5/2016,2016,701.429993,1683500,1.149306,1.747
5/6/2016,2016,711.119995,1829300,1.140602,1.779
5/9/2016,2016,712.900024,1510300,1.138797,1.76
5/10/2016,2016,723.179993,1569600,1.138797,1.76
5/11/2016,2016,715.289978,1692100,1.137436,1.737
5/12/2016,2016,713.309998,1360700,1.1427,1.757
5/13/2016,2016,710.830017,1314500,1.137695,1.705
5/16/2016,2016,716.48999,1317100,1.131695,1.753
5/17/2016,2016,706.22998,2001200,1.131606,1.759
5/18/2016,2016,706.630005,1766800,1.131606,1.88
5/19/2016,2016,700.320007,1670200,1.122297,1.845
5/20/2016,2016,709.73999,1828400,1.120599,1.849
5/23/2016,2016,704.23999,1330700,1.122171,1.838
5/24/2016,2016,720.090027,1929500,1.121604,1.859
5/25/2016,2016,725.27002,1629200,1.113797,1.87
5/26/2016,2016,724.119995,1576300,1.115897,1.823
5/27/2016,2016,732.659973,1975000,1.119207,1.851
5/31/2016,2016,735.719971,2129500,1.11484,1.834
6/1/2016,2016,734.150024,1253600,1.113598,1.846
6/2/2016,2016,730.400024,1341800,1.118906,1.811
6/3/2016,2016,722.340027,1226300,1.1152,1.704
6/6/2016,2016,716.549988,1565300,1.1351,1.723
6/7/2016,2016,716.650024,1336200,1.136402,1.713
6/8/2016,2016,728.280029,1583700,1.135783,1.706
6/9/2016,2016,728.580017,988900,1.140706,1.68
6/10/2016,2016,719.409973,1216400,1.131503,1.639
6/13/2016,2016,718.359985,1258900,1.124,1.616
6/14/2016,2016,718.27002,1306100,1.129102,1.611
6/15/2016,2016,718.919983,1214500,1.121302,1.596
6/16/2016,2016,710.359985,1982500,1.126266,1.564
6/17/2016,2016,691.719971,3402400,1.125201,1.618
6/20/2016,2016,693.710022,2082500,1.134906,1.67
6/21/2016,2016,695.940002,1465600,1.132298,1.697
6/22/2016,2016,697.460022,1184300,1.125062,1.685
6/23/2016,2016,701.869995,2171400,1.132824,1.739
6/24/2016,2016,675.219971,4449000,1.1324,1.579
6/27/2016,2016,668.26001,2629000,1.103594,1.46
6/28/2016,2016,680.039978,2173800,1.101503,1.461
6/29/2016,2016,684.109985,1932600,1.107395,1.477
6/30/2016,2016,692.099976,1597700,1.112805,1.488
7/1/2016,2016,699.210022,1344700,1.110605,1.456
7/5/2016,2016,694.950012,1462600,1.114604,1.367
7/6/2016,2016,697.77002,1411900,1.106501,1.385
7/7/2016,2016,695.359985,1304200,1.109903,1.387
7/8/2016,2016,705.630005,1575200,1.106574,1.366
7/11/2016,2016,715.090027,1111800,1.104399,1.434
7/12/2016,2016,720.640015,1336900,1.105803,1.513
7/13/2016,2016,716.97998,935900,1.106293,1.468
7/14/2016,2016,720.950012,950200,1.109496,1.531
7/15/2016,2016,719.849976,1279300,1.110605,1.594
7/18/2016,2016,733.780029,1295500,1.105314,1.587
7/19/2016,2016,736.960022,1227500,1.107187,1.558
7/20/2016,2016,741.190002,1289700,1.101358,1.58
7/21/2016,2016,738.630005,1026300,1.101953,1.565
7/22/2016,2016,742.73999,1259800,1.10329,1.57
7/25/2016,2016,739.77002,1032400,1.097045,1.571
7/26/2016,2016,738.419983,1186700,1.099118,1.563
7/27/2016,2016,741.77002,1512500,1.09878,1.515
7/28/2016,2016,745.909973,3530200,1.107346,1.511
7/29/2016,2016,768.789978,3841500,1.108438,1.458
8/1/2016,2016,772.880005,2700500,1.116807,1.496
8/2/2016,2016,771.070007,1784500,1.116807,1.537
8/3/2016,2016,773.179993,1287400,1.121906,1.542
8/4/2016,2016,771.609985,1140300,1.11515,1.503
8/5/2016,2016,782.219971,1801200,1.113474,1.582
8/8/2016,2016,781.76001,1107900,1.108955,1.583
8/9/2016,2016,784.26001,1318900,1.108365,1.545
8/10/2016,2016,784.679993,786400,1.11158,1.509
8/11/2016,2016,784.849976,975100,1.118643,1.573
8/12/2016,2016,783.219971,740500,1.113908,1.515
8/15/2016,2016,782.440002,938200,1.116695,1.553
8/16/2016,2016,777.140015,1028000,1.118406,1.576
8/17/2016,2016,779.909973,924200,1.127599,1.561
8/18/2016,2016,777.5,719400,1.129892,1.536
8/19/2016,2016,775.419983,861500,1.134945,1.578
8/22/2016,2016,772.150024,951400,1.129816,1.539
8/23/2016,2016,772.080017,928200,1.131926,1.553
8/24/2016,2016,769.640015,1072000,1.130084,1.559
8/25/2016,2016,769.409973,926900,1.12638,1.577
8/26/2016,2016,769.539978,1166700,1.12905,1.635
8/29/2016,2016,772.150024,847600,1.119946,1.566
8/30/2016,2016,769.090027,1130000,1.119282,1.57
8/31/2016,2016,767.049988,1248600,1.115324,1.568
9/1/2016,2016,768.780029,925100,1.116071,1.57
9/2/2016,2016,771.460022,1072700,1.120072,1.596
9/6/2016,2016,780.080017,1442800,1.115324,1.543
9/7/2016,2016,780.349976,893700,1.125366,1.541
9/8/2016,2016,775.320007,1270300,1.124101,1.616
9/9/2016,2016,759.659973,1885500,1.127142,1.672
9/12/2016,2016,769.02002,1311000,1.124113,1.672
9/13/2016,2016,759.690002,1395000,1.124354,1.734
9/14/2016,2016,762.48999,1087400,1.121869,1.689
9/15/2016,2016,771.76001,1305100,1.124733,1.703
9/16/2016,2016,768.880005,2049300,1.124594,1.701
9/19/2016,2016,765.700012,1172800,1.115847,1.696
9/20/2016,2016,771.409973,978600,1.118068,1.688
9/21/2016,2016,776.219971,1167800,1.115399,1.668
9/22/2016,2016,787.210022,1486200,1.119319,1.632
9/23/2016,2016,786.900024,1411900,1.121013,1.615
9/26/2016,2016,774.210022,1533200,1.123924,1.589
9/27/2016,2016,783.01001,1153200,1.124986,1.556
9/28/2016,2016,781.559998,1109800,1.121957,1.567
9/29/2016,2016,775.01001,1314700,1.122498,1.557
9/30/2016,2016,777.289978,1585300,1.121957,1.608
10/3/2016,2016,772.559998,1278800,1.123469,1.622
10/4/2016,2016,776.429993,1201400,1.121039,1.683
10/5/2016,2016,776.469971,1461200,1.121076,1.716
10/6/2016,2016,776.859985,1070700,1.120825,1.742
10/7/2016,2016,775.080017,933200,1.114455,1.736
10/11/2016,2016,783.070007,1372500,1.114082,1.759
10/12/2016,2016,786.140015,937400,1.106195,1.778
10/13/2016,2016,778.190002,1365300,1.101188,1.738
10/14/2016,2016,778.530029,852500,1.104972,1.794
10/17/2016,2016,779.960022,1093000,1.09678,1.766
10/18/2016,2016,795.26001,2056900,1.101564,1.749
10/19/2016,2016,801.5,1766800,1.097695,1.752
10/20/2016,2016,796.969971,1757500,1.097514,1.747
10/21/2016,2016,799.369995,1266200,1.09304,1.74
10/24/2016,2016,813.109985,1697500,1.088258,1.763
10/25/2016,2016,807.669983,1576400,1.087548,1.758
10/26/2016,2016,799.070007,1647700,1.088732,1.79
10/27/2016,2016,795.349976,2749200,1.091203,1.843
10/28/2016,2016,795.369995,4269900,1.090037,1.845
10/31/2016,2016,784.539978,2427300,1.098467,1.834
11/1/2016,2016,783.609985,2406400,1.097333,1.82
11/2/2016,2016,768.700012,1872400,1.105705,1.799
11/3/2016,2016,762.130005,1943200,1.109755,1.812
11/4/2016,2016,762.02002,2134800,1.110248,1.783
11/7/2016,2016,782.52002,1585100,1.110124,1.828
11/8/2016,2016,790.51001,1366900,1.105217,1.862
11/9/2016,2016,785.309998,2607100,1.101904,2.072
11/10/2016,2016,762.559998,4745200,1.092061,2.117
11/14/2016,2016,736.080017,3654400,1.082485,2.222
11/15/2016,2016,758.48999,2384000,1.075038,2.238
11/16/2016,2016,764.47998,1472600,1.072731,2.223
11/17/2016,2016,771.22998,1304000,1.070664,2.276
11/18/2016,2016,760.539978,1547100,1.062304,2.335
11/21/2016,2016,769.200012,1330600,1.058425,2.339
11/22/2016,2016,768.27002,1593100,1.063886,2.321
11/23/2016,2016,760.98999,1478400,1.063377,2.357
11/25/2016,2016,761.679993,587400,1.056189,2.372
11/28/2016,2016,768.23999,2188200,1.061233,2.32
11/29/2016,2016,770.840027,1616600,1.062135,2.302
11/30/2016,2016,758.039978,2392900,1.064849,2.368
12/1/2016,2016,747.919983,3017900,1.05921,2.441
12/2/2016,2016,750.5,1452500,1.066314,2.39
12/5/2016,2016,762.52002,1394200,1.058201,2.387
12/6/2016,2016,759.109985,1690700,1.075732,2.396
12/7/2016,2016,771.190002,1761000,1.072041,2.347
12/8/2016,2016,776.419983,1488100,1.076195,2.387
12/9/2016,2016,789.289978,1821900,1.062135,2.464
12/12/2016,2016,789.27002,2104100,1.054741,2.479
12/13/2016,2016,796.099976,2145200,1.064169,2.481
12/14/2016,2016,797.070007,1704200,1.062925,2.525
12/15/2016,2016,797.849976,1626500,1.051414,2.58
12/16/2016,2016,790.799988,2443800,1.041884,2.597
12/19/2016,2016,794.200012,1232100,1.044998,2.542
12/20/2016,2016,796.419983,951000,1.040583,2.568
12/21/2016,2016,794.559998,1211300,1.039047,2.546
12/22/2016,2016,791.26001,972200,1.042862,2.553
12/23/2016,2016,789.909973,623400,1.043765,2.543
12/27/2016,2016,791.549988,789100,1.045697,2.563
12/28/2016,2016,785.049988,1153800,1.046233,2.506
12/29/2016,2016,782.789978,744300,1.041699,2.477
12/30/2016,2016,771.820007,1770000,1.05753,2.446
1/3/2017,2017,786.140015,1657300,1.046003,2.45
1/4/2017,2017,786.900024,1073000,1.041992,2.452
1/5/2017,2017,794.02002,1335200,1.050089,2.368
1/6/2017,2017,806.150024,1640200,1.060592,2.418
1/9/2017,2017,806.650024,1274600,1.053186,2.376
1/10/2017,2017,804.789978,1176800,1.058862,2.379
1/11/2017,2017,807.909973,1065900,1.055242,2.37
1/12/2017,2017,806.359985,1353100,1.059771,2.361
1/13/2017,2017,807.880005,1099200,1.061684,2.38
1/17/2017,2017,804.609985,1362100,1.060299,2.327
1/18/2017,2017,806.070007,1294400,1.069679,2.389
1/19/2017,2017,802.174988,919300,1.062778,2.459
1/20/2017,2017,805.02002,1670000,1.065973,2.467
1/23/2017,2017,819.309998,1963600,1.071375,2.403
1/24/2017,2017,823.869995,1474000,1.076079,2.471
1/25/2017,2017,835.669983,1494500,1.072869,2.523
1/26/2017,2017,832.150024,2973900,1.075199,2.508
1/27/2017,2017,823.309998,2965800,1.068296,2.481
1/30/2017,2017,802.320007,3246600,1.071398,2.483
1/31/2017,2017,796.789978,2160600,1.070859,2.451
2/1/2017,2017,795.695007,2029700,1.08038,2.474
2/2/2017,2017,798.530029,1532100,1.076739,2.47
2/3/2017,2017,801.48999,1463400,1.076171,2.491
2/6/2017,2017,801.340027,1184500,1.078295,2.413
2/7/2017,2017,806.969971,1241200,1.074322,2.389
2/8/2017,2017,808.380005,1155300,1.067806,2.351
2/9/2017,2017,809.559998,989700,1.069221,2.395
2/10/2017,2017,813.669983,1135000,1.065859,2.409
2/13/2017,2017,819.23999,1213300,1.061954,2.434
2/14/2017,2017,820.450012,1054700,1.05985,2.47
2/15/2017,2017,818.97998,1313600,1.057832,2.502
2/16/2017,2017,824.159973,1287600,1.060738,2.45
2/17/2017,2017,828.070007,1611000,1.067225,2.425
2/21/2017,2017,831.659973,1262300,1.06094,2.427
2/22/2017,2017,830.76001,982900,1.054207,2.418
2/23/2017,2017,831.330017,1472800,1.055409,2.388
2/24/2017,2017,828.640015,1392200,1.058447,2.317
2/27/2017,2017,829.280029,1101500,1.055275,2.369
2/28/2017,2017,823.210022,2260800,1.058425,2.358
3/1/2017,2017,835.23999,1496500,1.056915,2.463
3/2/2017,2017,830.630005,942500,1.053585,2.489
3/3/2017,2017,829.080017,896400,1.050972,2.492
3/6/2017,2017,827.780029,1109000,1.062045,2.494
3/7/2017,2017,831.909973,1037600,1.057921,2.511
3/8/2017,2017,835.369995,989800,1.057015,2.552
3/9/2017,2017,838.679993,1261500,1.054741,2.598
3/10/2017,2017,843.25,1704000,1.057843,2.582
3/13/2017,2017,845.539978,1223600,1.069004,2.608
3/14/2017,2017,845.619995,779900,1.065144,2.595
3/15/2017,2017,847.200012,1381500,1.061244,2.508
3/16/2017,2017,848.780029,977600,1.073791,2.522
3/17/2017,2017,852.119995,1712300,1.07747,2.501
3/20/2017,2017,848.400024,1231500,1.074299,2.473
3/21/2017,2017,830.460022,2463500,1.073768,2.436
3/22/2017,2017,829.590027,1401500,1.081245,2.396
3/23/2017,2017,817.580017,3487100,1.079016,2.418
3/24/2017,2017,814.429993,1981000,1.078388,2.4
3/27/2017,2017,819.51001,1894300,1.084952,2.373
3/28/2017,2017,820.919983,1620500,1.086095,2.409
3/29/2017,2017,831.409973,1786300,1.081771,2.386
3/30/2017,2017,831.5,1055300,1.075963,2.416
3/31/2017,2017,829.559998,1401900,1.068707,2.396
4/3/2017,2017,838.549988,1671500,1.066883,2.35
4/4/2017,2017,834.570007,1045400,1.067008,2.35
4/5/2017,2017,831.409973,1555300,1.068034,2.357
4/6/2017,2017,827.880005,1254400,1.067247,2.343
4/7/2017,2017,824.669983,1057300,1.064464,2.373
4/10/2017,2017,824.72998,978900,1.058201,2.361
4/11/2017,2017,823.349976,1079700,1.05976,2.298
4/12/2017,2017,824.320007,900500,1.061132,2.296
4/13/2017,2017,823.559998,1122400,1.067065,2.232
4/17/2017,2017,837.169983,895000,1.061053,2.252
4/18/2017,2017,836.820007,836700,1.064453,2.179
4/19/2017,2017,838.210022,954200,1.072869,2.202
4/20/2017,2017,841.650024,959000,1.071501,2.241
4/21/2017,2017,843.190002,1323600,1.07149,2.237
4/24/2017,2017,862.76001,1372500,1.087394,2.273
4/25/2017,2017,872.299988,1672000,1.086484,2.327
4/26/2017,2017,871.72998,1237200,1.092825,2.311
4/27/2017,2017,874.25,2026800,1.090893,2.296
4/28/2017,2017,905.960022,3276300,1.086425,2.282
5/1/2017,2017,912.570007,2116000,1.09075,2.325
5/2/2017,2017,916.440002,1587200,1.090893,2.296
5/3/2017,2017,927.039978,1499500,1.093565,2.309
5/4/2017,2017,931.659973,1422100,1.088898,2.356
5/5/2017,2017,927.130005,1911300,1.098153,2.352
5/8/2017,2017,934.299988,1329800,1.096515,2.376
5/9/2017,2017,932.169983,1581800,1.092777,2.407
5/10/2017,2017,928.780029,1173900,1.088684,2.414
5/11/2017,2017,930.599976,835000,1.087075,2.4
5/12/2017,2017,932.219971,1050600,1.086496,2.335
5/15/2017,2017,937.080017,1108100,1.092729,2.338
5/16/2017,2017,943,969500,1.098177,2.329
5/17/2017,2017,919.619995,2362100,1.109398,2.216
5/18/2017,2017,930.23999,1596900,1.115636,2.233
5/19/2017,2017,934.01001,1393000,1.111358,2.245
5/22/2017,2017,941.859985,1120400,1.120486,2.254
5/23/2017,2017,948.820007,1270800,1.123886,2.285
5/24/2017,2017,954.960022,1024800,1.117931,2.266
5/25/2017,2017,969.539978,1660500,1.123091,2.255
5/26/2017,2017,971.469971,1252000,1.121076,2.25
5/30/2017,2017,975.880005,1466700,1.112904,2.217
5/31/2017,2017,964.859985,2448100,1.117169,2.196
6/1/2017,2017,966.950012,1410500,1.124354,2.217
6/2/2017,2017,975.599976,1751000,1.121579,2.159
6/5/2017,2017,983.679993,1252100,1.128083,2.182
6/6/2017,2017,976.570007,1814600,1.125682,2.147
6/7/2017,2017,980.940002,1453900,1.127142,2.178
6/8/2017,2017,983.409973,1481900,1.125518,2.194
6/9/2017,2017,949.830017,3309400,1.118481,2.199
6/12/2017,2017,942.900024,3763500,1.120197,2.213
6/13/2017,2017,953.400024,2013300,1.11962,2.207
6/14/2017,2017,950.76001,1489700,1.120888,2.138
6/15/2017,2017,942.309998,2133100,1.121579,2.162
6/16/2017,2017,939.780029,3094700,1.114691,2.157
6/19/2017,2017,957.369995,1533300,1.120825,2.19
6/20/2017,2017,950.630005,1126000,1.114455,2.153
6/21/2017,2017,959.450012,1202200,1.113697,2.155
6/22/2017,2017,957.090027,941400,1.11672,2.153
6/23/2017,2017,965.590027,1527900,1.114964,2.144
6/26/2017,2017,952.27002,1598400,1.119884,2.137
6/27/2017,2017,927.330017,2579900,1.118356,2.198
6/28/2017,2017,940.48999,2721400,1.133915,2.221
6/29/2017,2017,917.789978,3299200,1.138265,2.267
6/30/2017,2017,908.72998,2090200,1.144165,2.302
7/3/2017,2017,898.700012,1709800,1.142309,2.346
7/5/2017,2017,911.710022,1813900,1.136015,2.334
7/6/2017,2017,906.690002,1424500,1.134687,2.37
7/7/2017,2017,918.590027,1637800,1.142478,2.393
7/10/2017,2017,928.799988,1192800,1.140381,2.371
7/12/2017,2017,943.830017,1532100,1.147394,2.327
7/13/2017,2017,947.159973,1294700,1.141891,2.348
7/14/2017,2017,955.98999,1053800,1.140394,2.319
7/17/2017,2017,953.419983,1165500,1.147539,2.309
7/18/2017,2017,965.400024,1154000,1.147434,2.263
7/19/2017,2017,970.890015,1224500,1.154974,2.268
7/20/2017,2017,968.150024,1624500,1.152844,2.266
7/21/2017,2017,972.919983,1711000,1.162872,2.232
7/24/2017,2017,980.340027,3248300,1.16817,2.254
7/25/2017,2017,950.700012,4661000,1.163887,2.326
7/26/2017,2017,947.799988,2088300,1.164456,2.282
7/27/2017,2017,934.090027,3213000,1.1728,2.31
7/28/2017,2017,941.530029,1846400,1.168866,2.289
7/31/2017,2017,930.5,1970100,1.174729,2.292
8/1/2017,2017,930.830017,1277700,1.18241,2.251
8/2/2017,2017,930.390015,1824400,1.181126,2.262
8/3/2017,2017,923.650024,1202500,1.185115,2.228
8/4/2017,2017,927.960022,1082300,1.188495,2.267
8/7/2017,2017,929.359985,1032200,1.177842,2.257
8/8/2017,2017,926.789978,1061600,1.180094,2.283
8/9/2017,2017,922.900024,1192100,1.175461,2.241
8/10/2017,2017,907.23999,1824000,1.176152,2.212
8/11/2017,2017,914.390015,1206800,1.177024,2.189
8/14/2017,2017,922.669983,1064500,1.18255,2.219
8/15/2017,2017,922.219971,883400,1.177579,2.266
8/16/2017,2017,926.960022,1006700,1.174122,2.226
8/17/2017,2017,910.97998,1277200,1.177426,2.199
8/18/2017,2017,910.669983,1342700,1.17155,2.194
8/21/2017,2017,906.659973,943400,1.175627,2.18
8/22/2017,2017,924.690002,1166700,1.181195,2.215
8/23/2017,2017,927,1090200,1.176221,2.171
8/24/2017,2017,921.280029,1270300,1.181656,2.194
8/25/2017,2017,915.890015,1053400,1.18022,2.169
8/28/2017,2017,913.809998,1086500,1.195186,2.159
8/29/2017,2017,921.289978,1185600,1.196387,2.136
8/30/2017,2017,929.570007,1301200,1.197046,2.143
8/31/2017,2017,939.330017,1582600,1.189343,2.121
9/1/2017,2017,937.340027,947400,1.191043,2.157
9/5/2017,2017,928.450012,1326400,1.189343,2.07
9/6/2017,2017,927.809998,1527700,1.192407,2.108
9/7/2017,2017,935.950012,1212700,1.192777,2.061
9/8/2017,2017,926.5,1011500,1.202906,2.061
9/11/2017,2017,929.080017,1267000,1.201764,2.125
9/12/2017,2017,932.070007,1134400,1.195943,2.171
9/13/2017,2017,935.090027,1102600,1.197461,2.195
9/14/2017,2017,925.109985,1397600,1.189061,2.197
9/15/2017,2017,920.289978,2505400,1.192165,2.202
9/18/2017,2017,915,1306900,1.193716,2.229
9/19/2017,2017,921.809998,936700,1.195929,2.243
9/20/2017,2017,931.580017,1669800,1.199256,2.277
9/21/2017,2017,932.450012,1290600,1.187211,2.278
9/22/2017,2017,928.530029,1052700,1.194558,2.262
9/25/2017,2017,920.969971,1856800,1.19272,2.22
9/26/2017,2017,924.859985,1666900,1.185565,2.229
9/27/2017,2017,944.48999,2239400,1.178606,2.309
9/28/2017,2017,949.5,1020300,1.174964,2.309
9/29/2017,2017,959.109985,1581000,1.178175,2.326
10/2/2017,2017,953.27002,1283400,1.180735,2.337
10/3/2017,2017,957.789978,888300,1.173378,2.334
10/4/2017,2017,951.679993,952400,1.174757,2.33
10/5/2017,2017,969.960022,1213800,1.175724,2.35
10/6/2017,2017,978.890015,1173900,1.171234,2.37
10/9/2017,2017,977,891400,1.174246,2.361
10/10/2017,2017,972.599976,968400,1.174164,2.345
10/11/2017,2017,989.25,1693300,1.181488,2.345
10/12/2017,2017,987.830017,1262400,1.186549,2.323
10/13/2017,2017,989.679993,1169800,1.18318,2.28
10/16/2017,2017,992,910500,1.181405,2.307
10/17/2017,2017,992.179993,1290200,1.179454,2.298
10/18/2017,2017,992.809998,1057600,1.177191,2.339
10/19/2017,2017,984.450012,1313600,1.179523,2.321
10/20/2017,2017,988.200012,1183200,1.184806,2.381
10/23/2017,2017,968.450012,1478400,1.175364,2.376
10/24/2017,2017,970.539978,1212200,1.175917,2.406
10/25/2017,2017,973.330017,1211300,1.175903,2.444
10/26/2017,2017,972.559998,2042100,1.182075,2.452
10/27/2017,2017,1019.27002,5167700,1.163724,2.428
10/30/2017,2017,1017.109985,2085100,1.160456,2.37
10/31/2017,2017,1016.640015,1330700,1.16527,2.376
11/1/2017,2017,1025.5,1373400,1.165175,2.376
11/2/2017,2017,1025.579956,1049000,1.162872,2.347
11/3/2017,2017,1032.47998,1076400,1.166181,2.343
11/6/2017,2017,1025.900024,1125200,1.161494,2.32
11/7/2017,2017,1033.329956,1112300,1.161265,2.307
11/8/2017,2017,1039.849976,1088700,1.160106,2.325
11/9/2017,2017,1031.26001,1245200,1.159689,2.331
11/10/2017,2017,1028.069946,720000,1.164687,2.4
11/13/2017,2017,1025.75,885800,1.166113,2.4
11/14/2017,2017,1026,959200,1.166494,2.381
11/15/2017,2017,1020.909973,854000,1.179287,2.335
11/17/2017,2017,1019.090027,1397100,1.177745,2.354
11/20/2017,2017,1018.380005,953500,1.173186,2.372
11/21/2017,2017,1034.48999,1097000,1.174122,2.363
11/22/2017,2017,1035.959961,746300,1.173723,2.322
11/24/2017,2017,1040.609985,537000,1.185396,2.34
11/27/2017,2017,1054.209961,1307900,1.192649,2.328
11/28/2017,2017,1047.410034,1424400,1.19049,2.338
11/29/2017,2017,1021.659973,2459400,1.184806,2.376
11/30/2017,2017,1021.409973,1724000,1.185199,2.417
12/1/2017,2017,1010.169983,1909600,1.189825,2.362
12/4/2017,2017,998.679993,1906400,1.185986,2.379
12/5/2017,2017,1005.150024,2067300,1.186775,2.356
12/6/2017,2017,1018.380005,1272000,1.183292,2.33
12/7/2017,2017,1030.930054,1458200,1.180429,2.376
12/8/2017,2017,1037.050049,1290800,1.177218,2.383
12/11/2017,2017,1041.099976,1192800,1.176997,2.385
12/12/2017,2017,1040.47998,1279500,1.177759,2.403
12/13/2017,2017,1040.609985,1282700,1.17426,2.349
12/14/2017,2017,1049.150024,1558700,1.183586,2.346
12/15/2017,2017,1064.189941,3275900,1.177496,2.355
12/18/2017,2017,1077.140015,1554600,1.174357,2.392
12/19/2017,2017,1070.680054,1338700,1.178425,2.463
12/20/2017,2017,1064.949951,1268600,1.184133,2.497
12/21/2017,2017,1063.630005,995700,1.187818,2.481
12/22/2017,2017,1060.119995,755100,1.185733,2.485
12/26/2017,2017,1056.73999,760600,1.187254,2.467
12/27/2017,2017,1049.369995,1271900,1.185789,2.414
12/28/2017,2017,1048.140015,837100,1.190079,2.432
12/29/2017,2017,1046.400024,887500,1.194172,2.405
1/2/2018,2018,1065,1237600,1.201158,2.465
1/3/2018,2018,1082.47998,1430200,1.206345,2.447
1/4/2018,2018,1086.400024,1004600,1.201043,2.453
1/5/2018,2018,1102.22998,1279100,1.206884,2.476
1/8/2018,2018,1106.939941,1047600,1.203746,2.48
1/9/2018,2018,1106.26001,902500,1.197046,2.546
1/10/2018,2018,1102.609985,1042800,1.192933,2.55
1/11/2018,2018,1105.52002,978300,1.195614,2.531
1/12/2018,2018,1122.26001,1720500,1.20421,2.552
1/16/2018,2018,1121.76001,1575300,1.226843,2.544
1/17/2018,2018,1131.97998,1202600,1.227129,2.578
1/18/2018,2018,1129.790039,1198200,1.218398,2.611
1/19/2018,2018,1137.51001,1778200,1.223661,2.637
1/22/2018,2018,1155.810059,1618000,1.22555,2.665
1/23/2018,2018,1169.969971,1333100,1.225625,2.624
1/24/2018,2018,1164.23999,1416600,1.231027,2.654
1/25/2018,2018,1170.369995,1480500,1.239111,2.621
1/26/2018,2018,1175.839966,2018800,1.239234,2.662
1/29/2018,2018,1175.579956,1378900,1.242807,2.699
1/30/2018,2018,1163.689941,1556300,1.238114,2.726
1/31/2018,2018,1169.939941,1538700,1.240957,2.72
2/1/2018,2018,1167.699951,2412100,1.241866,2.773
2/2/2018,2018,1111.900024,4857900,1.251001,2.854
2/5/2018,2018,1055.800049,3798300,1.244694,2.794
2/6/2018,2018,1080.599976,3448000,1.236782,2.768
2/7/2018,2018,1048.579956,2369200,1.238129,2.844
2/8/2018,2018,1001.52002,2859100,1.226813,2.851
2/9/2018,2018,1037.780029,3505900,1.226076,2.829
2/12/2018,2018,1051.939941,2057700,1.22528,2.857
2/13/2018,2018,1052.099976,1265100,1.230376,2.84
2/14/2018,2018,1069.699951,1555800,1.235376,2.913
2/15/2018,2018,1089.52002,1843400,1.246727,2.891
2/16/2018,2018,1094.800049,1679500,1.25036,2.877
2/20/2018,2018,1102.459961,1423100,1.239864,2.893
2/21/2018,2018,1111.339966,1512900,1.233532,2.943
2/22/2018,2018,1106.630005,1317200,1.228184,2.917
2/23/2018,2018,1126.790039,1261000,1.232666,2.871
2/26/2018,2018,1143.75,1559100,1.228713,2.859
2/27/2018,2018,1118.290039,1774100,1.231557,2.908
2/28/2018,2018,1104.72998,1882600,1.223032,2.868
3/1/2018,2018,1069.52002,2515900,1.219126,2.804
3/2/2018,2018,1078.920044,2271600,1.227084,2.857
3/5/2018,2018,1090.930054,1202200,1.231542,2.881
3/6/2018,2018,1095.060059,1532800,1.233654,2.877
3/7/2018,2018,1109.640015,1292500,1.241665,2.883
3/8/2018,2018,1126,1355100,1.241465,2.866
3/9/2018,2018,1160.040039,2128000,1.230663,2.894
3/12/2018,2018,1164.5,2172300,1.230875,2.87
3/13/2018,2018,1138.170044,1907200,1.233958,2.848
3/14/2018,2018,1149.48999,1291400,1.239234,2.817
3/15/2018,2018,1149.579956,1395400,1.237562,2.826
3/16/2018,2018,1135.72998,3092000,1.230921,2.848
3/19/2018,2018,1099.819946,2805900,1.228079,2.845
3/20/2018,2018,1097.709961,1831900,1.233685,2.879
3/21/2018,2018,1090.880005,1878900,1.22519,2.907
3/22/2018,2018,1049.079956,2667000,1.234766,2.832
3/23/2018,2018,1021.570007,2156700,1.232499,2.83
3/26/2018,2018,1053.209961,2665100,1.235437,2.843
3/27/2018,2018,1005.099976,3095300,1.245749,2.786
3/28/2018,2018,1004.559998,3369300,1.240787,2.775
3/29/2018,2018,1031.790039,2726800,1.231027,2.741
4/2/2018,2018,1006.469971,2680400,1.231421,2.732
4/3/2018,2018,1013.409973,2275100,1.229271,2.784
4/4/2018,2018,1025.140015,2484700,1.227853,2.788
4/5/2018,2018,1027.810059,1363000,1.228682,2.832
4/6/2018,2018,1007.039978,1746400,1.22516,2.775
4/9/2018,2018,1015.450012,1751600,1.227144,2.786
4/10/2018,2018,1031.640015,1974500,1.23224,2.797
4/11/2018,2018,1019.969971,1483900,1.236308,2.79
4/12/2018,2018,1032.51001,1357000,1.237164,2.834
4/13/2018,2018,1029.27002,1223000,1.23297,2.829
4/16/2018,2018,1037.97998,1211200,1.233259,2.832
4/17/2018,2018,1074.160034,2320300,1.238513,2.814
4/18/2018,2018,1072.079956,1344100,1.237317,2.867
4/19/2018,2018,1087.699951,1747700,1.237915,2.914
4/20/2018,2018,1072.959961,1889700,1.234553,2.951
4/23/2018,2018,1067.449951,2341300,1.22734,2.973
4/24/2018,2018,1019.97998,4760300,1.220897,2.983
4/25/2018,2018,1021.179993,2391100,1.22414,3.024
4/26/2018,2018,1040.040039,2079500,1.217167,2.99
4/27/2018,2018,1030.050049,1619800,1.210962,2.957
4/30/2018,2018,1017.330017,1671300,1.212283,2.936
5/1/2018,2018,1037.310059,1427900,1.208123,2.976
5/2/2018,2018,1024.380005,1603100,1.199156,2.964
5/3/2018,2018,1023.719971,1815100,1.1951,2.946
5/4/2018,2018,1048.209961,1938700,1.198926,2.944
5/7/2018,2018,1054.790039,1466100,1.1955,2.95
5/8/2018,2018,1053.910034,1217700,1.193374,2.969
5/9/2018,2018,1082.76001,2032800,1.186789,3.004
5/10/2018,2018,1097.569946,1443000,1.184722,2.971
5/11/2018,2018,1098.26001,1253700,1.191753,2.971
5/14/2018,2018,1100.199951,1518100,1.195214,2.995
5/15/2018,2018,1079.22998,1494900,1.193118,3.08
5/16/2018,2018,1081.77002,1097300,1.182089,3.095
5/17/2018,2018,1078.589966,1043800,1.181698,3.109
5/18/2018,2018,1066.359985,1565200,1.179523,3.067
5/21/2018,2018,1079.579956,1023200,1.176664,3.065
5/22/2018,2018,1069.72998,1090000,1.179245,3.065
5/23/2018,2018,1079.689941,1060700,1.178856,3.003
5/24/2018,2018,1079.23999,766800,1.171015,2.981
5/25/2018,2018,1075.660034,899400,1.172264,2.931
5/29/2018,2018,1060.319946,1865100,1.162696,2.768
5/30/2018,2018,1067.800049,1138500,1.153935,2.842
5/31/2018,2018,1084.98999,3088300,1.166725,2.822
6/1/2018,2018,1119.5,2421600,1.169317,2.895
6/4/2018,2018,1139.290039,1889600,1.166861,2.937
6/5/2018,2018,1139.660034,1678000,1.170056,2.919
6/6/2018,2018,1136.880005,1698200,1.172622,2.975
6/7/2018,2018,1123.859985,1520000,1.17855,2.933
6/8/2018,2018,1120.869995,1290800,1.179523,2.937
6/11/2018,2018,1129.98999,1079300,1.178398,2.957
6/12/2018,2018,1139.319946,912000,1.177413,2.957
6/13/2018,2018,1134.790039,1506400,1.174826,2.977
6/14/2018,2018,1152.119995,1343400,1.180777,2.946
6/15/2018,2018,1152.26001,2122500,1.156658,2.924
6/18/2018,2018,1173.459961,1413700,1.159595,2.926
6/19/2018,2018,1168.060059,1621000,1.163075,2.893
6/20/2018,2018,1169.839966,1648500,1.158856,2.928
6/21/2018,2018,1157.660034,1238100,1.157903,2.897
6/22/2018,2018,1155.47998,1311000,1.160578,2.9
6/25/2018,2018,1124.810059,2157300,1.16614,2.875
6/26/2018,2018,1118.459961,1563200,1.170275,2.88
6/27/2018,2018,1103.97998,1293900,1.165026,2.827
6/28/2018,2018,1114.219971,1072400,1.156363,2.847
6/29/2018,2018,1115.650024,1315100,1.156297,2.849
7/2/2018,2018,1127.459961,1217300,1.167856,2.866
7/3/2018,2018,1102.890015,679000,1.164212,2.838
7/5/2018,2018,1124.27002,1066700,1.166235,2.84
7/6/2018,2018,1140.170044,996100,1.169591,2.831
7/9/2018,2018,1154.050049,909000,1.175226,2.86
7/10/2018,2018,1152.839966,798400,1.175696,2.873
7/11/2018,2018,1153.900024,1120000,1.172704,2.842
7/12/2018,2018,1183.47998,1251900,1.167679,2.853
7/13/2018,2018,1188.819946,1221900,1.166589,2.831
7/16/2018,2018,1183.859985,1055700,1.16791,2.858
7/17/2018,2018,1198.800049,1610400,1.170946,2.864
7/18/2018,2018,1195.880005,1393600,1.165325,2.875
7/19/2018,2018,1186.959961,1276700,1.164565,2.847
7/20/2018,2018,1184.910034,1247400,1.165515,2.895
7/23/2018,2018,1205.5,2619200,1.174191,2.965
7/24/2018,2018,1248.079956,3318200,1.169413,2.949
7/25/2018,2018,1263.699951,2127800,1.168552,2.936
7/26/2018,2018,1268.329956,2405600,1.17375,2.975
7/27/2018,2018,1238.5,2130600,1.164293,2.96
7/30/2018,2018,1219.73999,1849900,1.166045,2.975
7/31/2018,2018,1217.26001,1644700,1.170741,2.964
8/1/2018,2018,1220.01001,1567200,1.168962,3.003
8/2/2018,2018,1226.150024,1531300,1.166589,2.986
8/3/2018,2018,1223.709961,1089600,1.158601,2.953
8/6/2018,2018,1224.77002,1081700,1.15623,2.938
8/7/2018,2018,1242.219971,1494000,1.155802,2.973
8/8/2018,2018,1245.609985,1370300,1.160295,2.971
8/9/2018,2018,1249.099976,848600,1.161076,2.935
8/10/2018,2018,1237.609985,1108700,1.152392,2.857
8/13/2018,2018,1235.01001,997300,1.139471,2.877
8/14/2018,2018,1242.099976,1348100,1.140251,2.895
8/15/2018,2018,1214.380005,1828800,1.134572,2.852
8/16/2018,2018,1206.48999,1343200,1.13443,2.871
8/17/2018,2018,1200.959961,1389600,1.137139,2.873
8/20/2018,2018,1207.77002,870800,1.143772,2.823
8/21/2018,2018,1201.619995,1205600,1.149135,2.844
8/22/2018,2018,1207.329956,887400,1.157675,2.823
8/23/2018,2018,1205.380005,992600,1.15848,2.821
8/24/2018,2018,1220.650024,946600,1.154335,2.826
8/27/2018,2018,1241.819946,1156300,1.16489,2.848
8/28/2018,2018,1231.150024,1304000,1.168361,2.884
8/29/2018,2018,1249.300049,1298900,1.169126,2.884
8/30/2018,2018,1239.119995,1331400,1.170974,2.86
8/31/2018,2018,1218.189941,1816400,1.166466,2.853
9/4/2018,2018,1197,1831000,1.161548,2.902
9/5/2018,2018,1186.47998,2061300,1.158655,2.902
9/6/2018,2018,1171.439941,1888500,1.163521,2.879
9/7/2018,2018,1164.829956,1401300,1.162007,2.942
9/10/2018,2018,1164.640015,1115400,1.156109,2.937
9/11/2018,2018,1177.359985,1209300,1.159595,2.977
9/12/2018,2018,1162.819946,1295500,1.159608,2.963
9/13/2018,2018,1175.329956,1431200,1.162926,2.963
9/14/2018,2018,1172.530029,944000,1.16918,2.994
9/17/2018,2018,1156.050049,1306500,1.162899,3.001
9/18/2018,2018,1161.219971,1203600,1.166916,3.048
9/19/2018,2018,1171.089966,1191400,1.167992,3.083
9/20/2018,2018,1186.869995,1225400,1.167461,3.078
9/21/2018,2018,1166.089966,4405600,1.177593,3.068
9/24/2018,2018,1173.369995,1271000,1.175102,3.078
9/25/2018,2018,1184.650024,977700,1.175295,3.102
9/26/2018,2018,1180.48999,1462300,1.176318,3.061
9/27/2018,2018,1194.640015,1260800,1.174853,3.056
9/28/2018,2018,1193.469971,1380600,1.163738,3.056
10/1/2018,2018,1195.310059,1357600,1.160537,3.08
10/2/2018,2018,1200.109985,1687900,1.157756,3.056
10/3/2018,2018,1202.949951,1256200,1.155175,3.161
10/4/2018,2018,1168.189941,2209500,1.147631,3.197
10/5/2018,2018,1157.349976,1184300,1.151808,3.225
10/8/2018,2018,1148.969971,1932400,1.15226,3.233
10/9/2018,2018,1138.819946,1308700,1.149412,3.208
10/10/2018,2018,1081.219971,2675700,1.150695,3.225
10/11/2018,2018,1079.319946,2949000,1.153336,3.133
10/12/2018,2018,1110.079956,2101300,1.159044,3.141
10/15/2018,2018,1092.25,1372400,1.155135,3.163
10/16/2018,2018,1121.280029,1928500,1.158346,3.156
10/17/2018,2018,1115.689941,1467200,1.157528,3.179
10/18/2018,2018,1087.969971,2094500,1.150086,3.175
10/19/2018,2018,1096.459961,1267600,1.146,3.198
10/22/2018,2018,1101.160034,1514200,1.150947,3.196
10/23/2018,2018,1103.689941,1848700,1.146789,3.166
10/24/2018,2018,1050.709961,1982400,1.147315,3.124
10/25/2018,2018,1095.569946,2545800,1.139926,3.136
10/26/2018,2018,1071.469971,4187600,1.137786,3.077
10/29/2018,2018,1020.080017,3880700,1.139874,3.087
10/30/2018,2018,1036.209961,3212700,1.137618,3.11
10/31/2018,2018,1076.77002,2529800,1.134636,3.159
11/1/2018,2018,1070,1482000,1.13167,3.144
11/2/2018,2018,1057.790039,1839000,1.140329,3.214
11/5/2018,2018,1040.089966,2441400,1.139757,3.201
11/6/2018,2018,1055.810059,1233300,1.141292,3.214
11/7/2018,2018,1093.390015,2058400,1.143851,3.213
11/8/2018,2018,1082.400024,1488200,1.143406,3.234
11/9/2018,2018,1066.150024,1343200,1.136842,3.189
11/12/2018,2018,1038.630005,1471800,1.132503,3.186
11/13/2018,2018,1036.050049,1513700,1.123343,3.145
11/14/2018,2018,1043.660034,1565900,1.131119,3.12
11/15/2018,2018,1064.709961,1836100,1.131183,3.118
11/16/2018,2018,1061.48999,1658100,1.13249,3.074
11/19/2018,2018,1020,1858600,1.141396,3.057
11/20/2018,2018,1025.76001,2449100,1.145502,3.048
11/21/2018,2018,1037.609985,1534300,1.137242,3.061
11/23/2018,2018,1023.880005,691500,1.140316,3.054
11/26/2018,2018,1048.619995,1942800,1.133735,3.072
11/27/2018,2018,1044.410034,1803200,1.133337,3.055
11/28/2018,2018,1086.22998,2475400,1.12988,3.044
11/29/2018,2018,1088.300049,1468900,1.136855,3.035
11/30/2018,2018,1094.430054,2580200,1.139277,3.013
12/3/2018,2018,1106.430054,1991200,1.134224,2.992
12/4/2018,2018,1050.819946,2345200,1.135486,2.924
12/6/2018,2018,1068.72998,2769200,1.134906,2.876
12/7/2018,2018,1036.579956,2101200,1.137475,2.85
12/10/2018,2018,1039.550049,1807700,1.140095,2.856
12/11/2018,2018,1051.75,1394700,1.135654,2.879
12/12/2018,2018,1063.680054,1523800,1.132311,2.906
12/13/2018,2018,1061.900024,1329800,1.137346,2.911
12/14/2018,2018,1042.099976,1686600,1.136364,2.891
12/17/2018,2018,1016.530029,2385400,1.130595,2.857
12/18/2018,2018,1028.709961,2192500,1.134984,2.825
12/19/2018,2018,1023.01001,2479300,1.13754,2.778
12/20/2018,2018,1009.409973,2673500,1.138952,2.789
12/21/2018,2018,979.539978,4596000,1.145685,2.792
12/24/2018,2018,976.219971,1590300,1.137281,2.749
12/26/2018,2018,1039.459961,2373300,1.141553,2.797
12/27/2018,2018,1043.880005,2109800,1.136131,2.743
12/28/2018,2018,1037.079956,1414800,1.143105,2.736
12/31/2018,2018,1035.609985,1493300,1.143995,2.686
1/2/2019,2019,1045.849976,1532600,1.146171,2.661
1/3/2019,2019,1016.059998,1841100,1.131811,2.554
1/4/2019,2019,1070.709961,2093900,1.139108,2.659
1/7/2019,2019,1068.390015,1981900,1.141044,2.682
1/8/2019,2019,1076.280029,1764900,1.147974,2.716
1/9/2019,2019,1074.660034,1199300,1.145607,2.728
1/10/2019,2019,1070.329956,1456400,1.155495,2.731
1/11/2019,2019,1057.189941,1520800,1.151013,2.701
1/14/2019,2019,1044.689941,1144300,1.146014,2.71
1/15/2019,2019,1077.150024,1463600,1.147289,2.711
1/16/2019,2019,1080.969971,1331800,1.141683,2.731
1/17/2019,2019,1089.900024,1242700,1.139809,2.749
1/18/2019,2019,1098.26001,1955600,1.139264,2.784
1/22/2019,2019,1070.52002,1613500,1.136932,2.73
1/23/2019,2019,1075.569946,967000,1.136402,2.755
1/24/2019,2019,1073.900024,1361300,1.138822,2.712
1/25/2019,2019,1090.98999,1119100,1.13135,2.753
1/28/2019,2019,1070.079956,1284300,1.141305,2.744
1/29/2019,2019,1060.619995,1021800,1.143001,2.712
1/30/2019,2019,1089.060059,1279800,1.143537,2.695
1/31/2019,2019,1116.369995,1538300,1.148765,2.635
2/1/2019,2019,1110.75,1462200,1.144951,2.691
2/4/2019,2019,1132.800049,2576500,1.145528,2.724
2/5/2019,2019,1145.98999,3552200,1.143628,2.702
2/6/2019,2019,1115.22998,2105600,1.140993,2.702
2/7/2019,2019,1098.709961,2044800,1.136596,2.652
2/8/2019,2019,1095.060059,1075800,1.133877,2.632
2/11/2019,2019,1095.01001,1065200,1.132426,2.661
2/12/2019,2019,1121.369995,1609100,1.127904,2.684
2/13/2019,2019,1120.160034,1049800,1.133466,2.708
2/14/2019,2019,1121.670044,947600,1.126494,2.657
2/15/2019,2019,1113.650024,1449800,1.129535,2.666
2/19/2019,2019,1118.560059,1046400,1.131196,2.647
2/20/2019,2019,1113.800049,1087800,1.134301,2.654
2/21/2019,2019,1096.969971,1415100,1.134636,2.688
2/22/2019,2019,1110.369995,1049500,1.134301,2.655
2/25/2019,2019,1109.400024,1413100,1.134224,2.673
2/26/2019,2019,1115.130005,1471300,1.136751,2.636
2/27/2019,2019,1116.050049,968400,1.139315,2.693
2/28/2019,2019,1119.920044,1542500,1.138019,2.711
3/1/2019,2019,1140.98999,1450300,1.137346,2.755
3/4/2019,2019,1147.800049,1446000,1.137592,2.722
3/5/2019,2019,1162.030029,1443200,1.133735,2.722
3/6/2019,2019,1157.859985,1099300,1.13071,2.692
3/7/2019,2019,1143.300049,1166600,1.131401,2.636
3/8/2019,2019,1142.319946,1212400,1.119833,2.625
3/11/2019,2019,1175.76001,1719200,1.123242,2.643
3/12/2019,2019,1193.199951,2013100,1.125923,2.605
3/13/2019,2019,1193.319946,1435900,1.128745,2.611
3/14/2019,2019,1185.550049,1172800,1.133106,2.63
3/15/2019,2019,1184.459961,2461800,1.130838,2.593
3/18/2019,2019,1184.26001,1292600,1.131977,2.602
3/19/2019,2019,1198.849976,1520700,1.13362,2.614
3/20/2019,2019,1223.969971,2227400,1.135486,2.535
3/21/2019,2019,1231.540039,1204000,1.142792,2.537
3/22/2019,2019,1205.5,1714200,1.137501,2.455
3/25/2019,2019,1193,1496800,1.129586,2.42
3/26/2019,2019,1184.619995,1901200,1.13158,2.414
3/27/2019,2019,1173.02002,1400200,1.127485,2.374
3/28/2019,2019,1168.48999,961700,1.125176,2.389
3/29/2019,2019,1173.310059,1269900,1.123002,2.414
4/1/2019,2019,1194.430054,1252500,1.122385,2.497
4/2/2019,2019,1200.48999,827900,1.120574,2.481
4/3/2019,2019,1205.920044,1014300,1.120385,2.517
4/4/2019,2019,1215,950000,1.124695,2.512
4/5/2019,2019,1207.150024,907200,1.122586,2.501
4/8/2019,2019,1203.839966,860200,1.121957,2.519
4/9/2019,2019,1197.25,876400,1.125644,2.499
4/10/2019,2019,1202.160034,724600,1.126697,2.477
4/11/2019,2019,1204.619995,710200,1.12765,2.504
4/12/2019,2019,1217.869995,933400,1.126075,2.56
4/15/2019,2019,1221.099976,1187400,1.130506,2.553
4/16/2019,2019,1227.130005,856300,1.130493,2.592
4/17/2019,2019,1236.339966,1221900,1.128503,2.592
4/18/2019,2019,1236.369995,1331800,1.129714,2.56
4/22/2019,2019,1248.839966,807300,1.124455,2.59
4/23/2019,2019,1264.550049,1319900,1.125898,2.57
4/24/2019,2019,1256,1018800,1.122435,2.522
4/25/2019,2019,1263.449951,1107300,1.115349,2.534
4/26/2019,2019,1272.180054,1241400,1.113685,2.505
4/29/2019,2019,1287.579956,2499400,1.115026,2.536
4/30/2019,2019,1188.47998,6207000,1.118518,2.509
5/1/2019,2019,1168.079956,2639200,1.121604,2.511
5/2/2019,2019,1162.609985,1944800,1.120084,2.552
5/3/2019,2019,1185.400024,1980700,1.117356,2.531
5/6/2019,2019,1189.390015,1563900,1.118581,2.5
5/7/2019,2019,1174.099976,1551400,1.120185,2.448
5/8/2019,2019,1166.27002,1309300,1.119107,2.482
5/9/2019,2019,1162.380005,1185700,1.119833,2.457
5/10/2019,2019,1164.27002,1314500,1.122208,2.455
5/13/2019,2019,1132.030029,1860600,1.123646,2.405
5/14/2019,2019,1120.439941,1836600,1.123255,2.419
5/15/2019,2019,1164.209961,2289300,1.120448,2.379
5/16/2019,2019,1178.97998,1531400,1.120724,2.405
5/17/2019,2019,1162.300049,1208600,1.117356,2.393
5/20/2019,2019,1138.849976,1353300,1.116532,2.416
5/21/2019,2019,1149.630005,1159800,1.116857,2.426
5/23/2019,2019,1140.77002,1198900,1.115548,2.296
5/24/2019,2019,1133.469971,1112000,1.118456,2.324
5/28/2019,2019,1134.150024,1365000,1.119382,2.268
5/29/2019,2019,1116.459961,1538200,1.117069,2.236
5/30/2019,2019,1117.949951,951900,1.113735,2.227
5/31/2019,2019,1103.630005,1507800,1.113115,2.142
6/3/2019,2019,1036.22998,5130600,1.117406,2.081
6/4/2019,2019,1053.050049,2833500,1.124632,2.119
6/5/2019,2019,1042.219971,2168400,1.125404,2.123
6/6/2019,2019,1044.339966,1703200,1.122902,2.124
6/7/2019,2019,1066.040039,1802400,1.12765,2.084
6/10/2019,2019,1080.380005,1464200,1.132016,2.143
6/11/2019,2019,1078.719971,1436700,1.131811,2.14
6/12/2019,2019,1077.030029,1061000,1.132952,2.127
6/13/2019,2019,1088.77002,1057700,1.129561,2.091
6/14/2019,2019,1085.349976,1111500,1.128044,2.093
6/17/2019,2019,1092.5,941600,1.121705,2.086
6/18/2019,2019,1103.599976,1386700,1.12246,2.06
6/19/2019,2019,1102.329956,1338800,1.119821,2.029
6/20/2019,2019,1111.420044,1262000,1.123848,2.001
6/21/2019,2019,1121.880005,1947600,1.129561,2.068
6/24/2019,2019,1115.52002,1395600,1.138472,2.021
6/25/2019,2019,1086.349976,1546900,1.14003,1.994
6/26/2019,2019,1079.800049,1810900,1.136997,2.049
6/27/2019,2019,1076.01001,1004300,1.137475,2.005
6/28/2019,2019,1080.910034,1693200,1.137294,2
7/1/2019,2019,1097.949951,1436300,1.136493,2.034
7/2/2019,2019,1111.25,991600,1.128745,1.976
7/3/2019,2019,1121.579956,767000,1.129305,1.953
7/5/2019,2019,1131.589966,1264300,1.128579,2.048
7/8/2019,2019,1116.349976,1236400,1.122738,2.034
7/9/2019,2019,1124.829956,1330400,1.121604,2.054
7/10/2019,2019,1140.47998,1209500,1.120825,2.061
7/11/2019,2019,1144.209961,1195500,1.125885,2.12
7/12/2019,2019,1144.900024,864000,1.125239,2.106
7/15/2019,2019,1150.339966,903800,1.127205,2.092
7/16/2019,2019,1153.579956,1238800,1.126177,2.122
7/17/2019,2019,1146.349976,1170000,1.121227,2.061
7/18/2019,2019,1146.329956,1290700,1.122965,2.038
7/19/2019,2019,1130.099976,1647200,1.126152,2.048
7/22/2019,2019,1138.069946,1301500,1.121831,2.043
7/23/2019,2019,1146.209961,1093700,1.120611,2.074
7/24/2019,2019,1137.810059,1589800,1.115126,2.05
7/25/2019,2019,1132.119995,2209800,1.114243,2.074
7/26/2019,2019,1250.410034,4805800,1.114616,2.081
7/29/2019,2019,1239.410034,2223700,1.113214,2.055
7/30/2019,2019,1225.140015,1453300,1.114305,2.061
7/31/2019,2019,1216.680054,1725500,1.115797,2.021
8/1/2019,2019,1209.01001,1698500,1.107175,1.894
8/2/2019,2019,1193.98999,1645100,1.107886,1.855
8/5/2019,2019,1152.319946,2597500,1.110803,1.735
8/6/2019,2019,1169.949951,1709400,1.124379,1.739
8/7/2019,2019,1173.98999,1444300,1.120699,1.684
8/8/2019,2019,1204.800049,1468000,1.120436,1.716
8/9/2019,2019,1188.01001,1065700,1.118718,1.734
8/12/2019,2019,1174.709961,1003000,1.12085,1.639
8/13/2019,2019,1197.27002,1294400,1.121831,1.68
8/14/2019,2019,1164.290039,1578700,1.117706,1.581
8/15/2019,2019,1167.26001,1218700,1.11433,1.529
8/16/2019,2019,1177.599976,1313300,1.111358,1.539
8/19/2019,2019,1198.449951,1231600,1.109385,1.598
8/20/2019,2019,1182.689941,915500,1.108316,1.561
8/21/2019,2019,1191.25,740700,1.109779,1.577
8/22/2019,2019,1189.530029,947500,1.109078,1.61
8/23/2019,2019,1151.290039,1687000,1.108402,1.528
8/26/2019,2019,1168.890015,1226100,1.114305,1.545
8/27/2019,2019,1167.839966,1077200,1.110371,1.49
8/28/2019,2019,1171.02002,802000,1.109004,1.466
8/29/2019,2019,1192.849976,1088400,1.108586,1.516
8/30/2019,2019,1188.099976,1129800,1.106195,1.506
9/3/2019,2019,1168.390015,1479900,1.096852,1.466
9/4/2019,2019,1181.410034,1068900,1.097454,1.459
9/5/2019,2019,1211.380005,1408100,1.103497,1.565
9/6/2019,2019,1204.930054,1072100,1.103631,1.55
9/9/2019,2019,1204.410034,1471900,1.102062,1.622
9/10/2019,2019,1206,1260100,1.104838,1.702
9/11/2019,2019,1220.170044,1307000,1.105033,1.733
9/12/2019,2019,1234.25,1725900,1.101346,1.791
9/13/2019,2019,1239.560059,1301400,1.105828,1.903
9/16/2019,2019,1231.300049,1053300,1.10834,1.841
9/17/2019,2019,1229.150024,955100,1.100594,1.812
9/18/2019,2019,1232.410034,1135100,1.107469,1.786
9/19/2019,2019,1238.709961,996000,1.103144,1.774
9/20/2019,2019,1229.930054,2270000,1.10485,1.755
9/23/2019,2019,1234.030029,1062400,1.101904,1.708
9/24/2019,2019,1218.76001,1583200,1.099372,1.635
9/25/2019,2019,1246.52002,1453000,1.101686,1.732
9/26/2019,2019,1241.390015,1538000,1.09529,1.685
9/27/2019,2019,1225.089966,1353900,1.092275,1.675
9/30/2019,2019,1219,1404100,1.094271,1.675
10/1/2019,2019,1205.099976,1273500,1.089966,1.644
10/2/2019,2019,1176.630005,1615100,1.093494,1.596
10/3/2019,2019,1187.829956,1621200,1.096371,1.536
10/4/2019,2019,1209,1162400,1.097538,1.515
10/7/2019,2019,1207.680054,842900,1.09866,1.553
10/8/2019,2019,1189.130005,1039300,1.097213,1.537
10/9/2019,2019,1202.310059,867700,1.096011,1.589
10/10/2019,2019,1208.670044,846600,1.09878,1.658
10/11/2019,2019,1215.449951,1272700,1.101103,1.752
10/14/2019,2019,1217.140015,867500,1.103,1.733
10/15/2019,2019,1243.01001,1381700,1.102901,1.771
10/16/2019,2019,1243.640015,1094600,1.103473,1.748
10/17/2019,2019,1253.069946,952400,1.107493,1.757
10/18/2019,2019,1245.48999,1352800,1.112718,1.747
10/21/2019,2019,1246.150024,1027200,1.115573,1.792
10/22/2019,2019,1242.800049,1023800,1.115175,1.768
10/23/2019,2019,1259.130005,911500,1.112929,1.759
10/24/2019,2019,1260.98999,1028100,1.113239,1.766
10/25/2019,2019,1265.130005,1213100,1.110396,1.801
10/28/2019,2019,1290,2613200,1.108426,1.853
10/29/2019,2019,1262.619995,1886400,1.109915,1.835
10/30/2019,2019,1261.290039,1408900,1.111482,1.798
10/31/2019,2019,1260.109985,1455700,1.115449,1.691
11/1/2019,2019,1273.73999,1670100,1.11571,1.728
11/4/2019,2019,1291.369995,1501000,1.116657,1.786
11/5/2019,2019,1292.030029,1282700,1.112855,1.866
11/6/2019,2019,1291.800049,1153000,1.10742,1.814
11/7/2019,2019,1308.859985,2030000,1.10704,1.926
11/8/2019,2019,1311.369995,1251400,1.10197,1.933
11/11/2019,2019,1299.189941,1011900,1.102244,1.943
11/12/2019,2019,1298.800049,1085900,1.103546,1.909
11/13/2019,2019,1298,826700,1.101237,1.87
11/14/2019,2019,1311.459961,1193500,1.101322,1.815
11/15/2019,2019,1334.869995,1782600,1.10205,1.834
11/18/2019,2019,1320.699951,1487400,1.10551,1.808
11/19/2019,2019,1315.459961,1269200,1.107236,1.786
11/20/2019,2019,1303.050049,1308600,1.108,1.738
11/21/2019,2019,1301.349976,995500,1.107886,1.772
11/22/2019,2019,1295.339966,1385700,1.106586,1.774
11/25/2019,2019,1306.689941,1036200,1.102256,1.764
11/26/2019,2019,1313.550049,1069700,1.101443,1.74
11/27/2019,2019,1312.98999,995600,1.102256,1.767
11/29/2019,2019,1304.959961,587000,1.101176,1.776
12/2/2019,2019,1289.920044,1510900,1.101904,1.836
12/3/2019,2019,1295.280029,1143800,1.107911,1.709
12/4/2019,2019,1320.540039,1537500,1.108525,1.781
12/5/2019,2019,1328.130005,1212700,1.108303,1.797
12/6/2019,2019,1340.619995,1314800,1.110543,1.842
12/9/2019,2019,1343.560059,1354300,1.105889,1.829
12/10/2019,2019,1344.660034,1094100,1.106499,1.833
12/11/2019,2019,1345.02002,850400,1.109275,1.79
12/12/2019,2019,1350.27002,1281000,1.113586,1.897
12/13/2019,2019,1347.829956,1549600,1.118606,1.819
12/16/2019,2019,1361.170044,1397300,1.112446,1.892
12/17/2019,2019,1355.119995,1854000,1.113697,1.889
12/18/2019,2019,1352.619995,1522600,1.115138,1.924
12/19/2019,2019,1356.040039,1469900,1.111593,1.908
12/20/2019,2019,1349.589966,3315000,1.112595,1.917
12/23/2019,2019,1348.839966,883100,1.107984,1.935
12/24/2019,2019,1343.560059,347500,1.109385,1.91
12/26/2019,2019,1360.400024,667500,1.109545,1.905
12/27/2019,2019,1351.890015,1038400,1.110112,1.874
12/30/2019,2019,1336.140015,1050900,1.11823,1.895
12/31/2019,2019,1337.02002,961800,1.12023,1.919
1/2/2020,2020,1367.369995,1406600,1.122083,1.882
1/3/2020,2020,1360.660034,1186400,1.117144,1.788
1/6/2020,2020,1394.209961,1732300,1.116196,1.811
1/7/2020,2020,1393.339966,1502700,1.119799,1.827
1/8/2020,2020,1404.319946,1528000,1.115474,1.874
1/9/2020,2020,1419.829956,1500900,1.111321,1.858
1/10/2020,2020,1429.72998,1820700,1.111111,1.825
1/13/2020,2020,1439.22998,1652300,1.111667,1.848
1/14/2020,2020,1430.880005,1558900,1.113573,1.818
1/15/2020,2020,1439.199951,1282700,1.11309,1.788
1/16/2020,2020,1451.699951,1173700,1.1154,1.809
1/17/2020,2020,1480.390015,2396200,1.113958,1.836
1/21/2020,2020,1484.400024,2036700,1.109693,1.769
1/22/2020,2020,1485.949951,1610800,1.108561,1.769
1/23/2020,2020,1486.650024,1351200,1.109644,1.74
1/24/2020,2020,1466.709961,1784600,1.105522,1.681
1/27/2020,2020,1433.900024,1755200,1.102536,1.605
1/28/2020,2020,1452.560059,1577400,1.101977,1.641
1/29/2020,2020,1458.630005,1077700,1.102256,1.594
1/30/2020,2020,1455.839966,1339400,1.101686,1.558
1/31/2020,2020,1434.22998,2417200,1.102913,1.52
2/3/2020,2020,1485.939941,3036800,1.108979,1.52
2/4/2020,2020,1447.069946,3933000,1.106293,1.603
2/5/2020,2020,1448.22998,1986200,1.104728,1.649
2/6/2020,2020,1476.22998,1679400,1.100231,1.644
2/7/2020,2020,1479.22998,1172300,1.098298,1.578
2/10/2020,2020,1508.680054,1419900,1.094931,1.547
2/11/2020,2020,1508.790039,1344600,1.091346,1.59
2/12/2020,2020,1518.27002,1167600,1.091941,1.63
2/13/2020,2020,1514.660034,929500,1.087595,1.617
2/14/2020,2020,1520.73999,1197800,1.084599,1.588
2/18/2020,2020,1519.670044,1120700,1.084011,1.556
2/19/2020,2020,1526.689941,949300,1.07954,1.57
2/20/2020,2020,1518.150024,1096600,1.08101,1.525
2/21/2020,2020,1485.109985,1731700,1.0788,1.471
2/24/2020,2020,1421.589966,2867100,1.083905,1.377
2/25/2020,2020,1388.449951,2478300,1.08492,1.33
2/26/2020,2020,1393.180054,2202400,1.0882,1.31
2/27/2020,2020,1318.089966,2978300,1.088589,1.299
2/28/2020,2020,1339.329956,3789100,1.099723,1.127
3/2/2020,2020,1389.109985,2431500,1.105131,1.088
3/3/2020,2020,1341.390015,2402300,1.114405,1.01
3/4/2020,2020,1386.52002,1913300,1.118068,0.992
3/5/2020,2020,1319.040039,2561300,1.113908,0.926
3/6/2020,2020,1298.410034,2660600,1.122385,0.706
3/9/2020,2020,1215.560059,3365400,1.138602,0.499
3/10/2020,2020,1280.390015,2611400,1.139796,0.748
3/11/2020,2020,1215.410034,2608500,1.131651,0.82
3/12/2020,2020,1114.910034,4226700,1.126152,0.849
3/13/2020,2020,1219.72998,3700100,1.118493,0.951
3/16/2020,2020,1084.329956,4252400,1.115536,0.728
3/17/2020,2020,1119.800049,3861500,1.116321,0.997
3/18/2020,2020,1096.800049,4233400,1.101552,1.266
3/19/2020,2020,1115.290039,3651100,1.096155,1.119
3/20/2020,2020,1072.319946,3601800,1.065735,0.938
3/23/2020,2020,1056.619995,4044100,1.069439,0.764
3/24/2020,2020,1134.459961,3344500,1.076461,0.816
3/25/2020,2020,1102.48999,4081500,1.080264,0.858
3/26/2020,2020,1161.75,3571700,1.088957,0.811
3/27/2020,2020,1110.709961,3208500,1.104826,0.749
3/30/2020,2020,1146.819946,2574100,1.113908,0.67
3/31/2020,2020,1162.810059,2486400,1.103047,0.698
4/1/2020,2020,1105.619995,2344200,1.102657,0.635
4/2/2020,2020,1120.839966,1964900,1.095362,0.627
4/3/2020,2020,1097.880005,2313400,1.08474,0.587
4/6/2020,2020,1186.920044,2664700,1.080696,0.676
4/7/2020,2020,1186.51001,2387300,1.08038,0.736
4/8/2020,2020,1210.280029,1975100,1.089514,0.764
4/9/2020,2020,1211.449951,2175400,1.086366,0.729
4/13/2020,2020,1217.560059,1739800,1.093267,0.749
4/14/2020,2020,1269.22998,2470400,1.092299,0.752
4/15/2020,2020,1262.469971,1671700,1.098539,0.638
4/16/2020,2020,1263.469971,2518100,1.09051,0.609
4/17/2020,2020,1283.25,1949000,1.085847,0.654
4/20/2020,2020,1266.609985,1695500,1.086697,0.626
4/21/2020,2020,1216.339966,2153000,1.086484,0.571
4/22/2020,2020,1263.209961,2092400,1.085647,0.619
4/23/2020,2020,1276.310059,1566200,1.080964,0.613
4/24/2020,2020,1279.310059,1639600,1.077702,0.596
4/27/2020,2020,1275.880005,1600600,1.082368,0.656
4/28/2020,2020,1233.670044,2951300,1.082485,0.61
4/29/2020,2020,1341.47998,3793600,1.083658,0.627
4/30/2020,2020,1348.660034,2668900,1.087725,0.622
5/1/2020,2020,1320.609985,2072500,1.094547,0.642
5/4/2020,2020,1326.800049,1504000,1.095963,0.637
5/5/2020,2020,1351.109985,1651500,1.090429,0.657
5/6/2020,2020,1347.300049,1215400,1.083858,0.711
5/7/2020,2020,1372.560059,1397600,1.079855,0.631
5/8/2020,2020,1388.369995,1386900,1.083717,0.682
5/11/2020,2020,1403.26001,1412100,1.083952,0.726
5/12/2020,2020,1375.73999,1390600,1.080941,0.678
5/13/2020,2020,1349.329956,1812600,1.084681,0.649
5/14/2020,2020,1356.130005,1603100,1.082368,0.619
5/15/2020,2020,1373.189941,1707700,1.080696,0.64
5/18/2020,2020,1383.939941,1822400,1.082134,0.744
5/19/2020,2020,1373.484985,1280600,1.091512,0.711
5/20/2020,2020,1406.719971,1655400,1.092777,0.68
5/21/2020,2020,1402.800049,1385000,1.098298,0.677
5/22/2020,2020,1410.420044,1309400,1.09529,0.657
5/26/2020,2020,1417.02002,2060600,1.0903,0.698
5/27/2020,2020,1417.839966,1685800,1.098177,0.68
5/28/2020,2020,1416.72998,1692200,1.101686,0.705
5/29/2020,2020,1428.920044,1820900,1.107911,0.648
6/1/2020,2020,1431.819946,1217100,1.111852,0.662
6/2/2020,2020,1439.219971,1278100,1.112595,0.68
6/3/2020,2020,1436.380005,1256200,1.118944,0.761
6/4/2020,2020,1412.180054,1484300,1.123595,0.82
6/5/2020,2020,1438.390015,1734900,1.133787,0.904
6/8/2020,2020,1446.609985,1404200,1.131952,0.884
6/9/2020,2020,1456.160034,1409200,1.130557,0.829
6/10/2020,2020,1465.849976,1525200,1.133222,0.748
6/11/2020,2020,1403.839966,1991300,1.136544,0.653
6/12/2020,2020,1413.180054,1946400,1.128808,0.699
6/15/2020,2020,1419.849976,1503900,1.125201,0.702
6/16/2020,2020,1442.719971,1709200,1.133774,0.756
6/17/2020,2020,1451.119995,1549600,1.12657,0.733
6/18/2020,2020,1435.959961,1581900,1.12429,0.694
6/19/2020,2020,1431.719971,3157900,1.1211,0.697
6/22/2020,2020,1451.859985,1542400,1.117756,0.704
6/23/2020,2020,1464.410034,1429800,1.127968,0.709
6/24/2020,2020,1431.969971,1756000,1.131235,0.684
6/25/2020,2020,1441.329956,1230500,1.125087,0.674
6/26/2020,2020,1359.900024,4267700,1.122208,0.636
6/29/2020,2020,1394.969971,1810200,1.122586,0.636
6/30/2020,2020,1413.609985,2042400,1.12472,0.653
7/1/2020,2020,1438.040039,1775200,1.123595,0.682
7/2/2020,2020,1464.699951,1859100,1.125138,0.669
7/6/2020,2020,1495.699951,1564000,1.12472,0.684
7/7/2020,2020,1485.180054,1458200,1.131286,0.65
7/8/2020,2020,1496,1249700,1.127523,0.653
7/9/2020,2020,1510.98999,1423300,1.133915,0.605
7/10/2020,2020,1541.73999,1856300,1.128796,0.633
7/13/2020,2020,1511.339966,1846400,1.131004,0.64
7/14/2020,2020,1520.579956,1585000,1.13455,0.615
7/15/2020,2020,1513.640015,1610700,1.14107,0.63
7/16/2020,2020,1518,1519300,1.141719,0.612
7/17/2020,2020,1515.550049,1456700,1.139212,0.628
7/20/2020,2020,1565.719971,1557300,1.144296,0.62
7/21/2020,2020,1558.420044,1216200,1.145869,0.607
7/22/2020,2020,1568.48999,932000,1.153403,0.595
7/23/2020,2020,1515.680054,1627600,1.156872,0.582
7/24/2020,2020,1511.869995,1544000,1.159608,0.589
7/27/2020,2020,1530.199951,1246000,1.165257,0.609
7/28/2020,2020,1500.339966,1702200,1.176928,0.581
7/29/2020,2020,1522.02002,1106500,1.17188,0.579
7/30/2020,2020,1531.449951,1671400,1.178287,0.541
7/31/2020,2020,1482.959961,3439900,1.187225,0.536
8/3/2020,2020,1474.449951,2330200,1.178231,0.563
8/4/2020,2020,1464.969971,1903500,1.176332,0.515
8/5/2020,2020,1473.609985,1979500,1.181544,0.543
8/6/2020,2020,1500.099976,1995400,1.187282,0.536
8/7/2020,2020,1494.48999,1577800,1.187648,0.562
8/10/2020,2020,1496.099976,1289300,1.178273,0.574
8/11/2020,2020,1480.319946,1454400,1.173778,0.658
8/12/2020,2020,1506.619995,1437000,1.173654,0.67
8/13/2020,2020,1518.449951,1455200,1.17938,0.716
8/14/2020,2020,1507.72998,1354800,1.181656,0.709
8/17/2020,2020,1517.97998,1378300,1.185255,0.683
8/18/2020,2020,1558.599976,2027100,1.187648,0.669
8/19/2020,2020,1547.530029,1660600,1.194786,0.675
8/20/2020,2020,1581.75,1706900,1.18435,0.644
8/21/2020,2020,1580.420044,1446500,1.187366,0.64
8/24/2020,2020,1588.199951,1409900,1.179802,0.646
8/25/2020,2020,1608.219971,2247100,1.179454,0.682
8/26/2020,2020,1652.380005,3993400,1.183502,0.687
8/27/2020,2020,1634.329956,1861600,1.184273,0.746
8/28/2020,2020,1644.410034,1499000,1.181963,0.729
8/31/2020,2020,1634.180054,1823400,1.191824,0.693
9/1/2020,2020,1660.709961,1825300,1.193902,0.672
9/2/2020,2020,1728.280029,2511200,1.192321,0.651
9/3/2020,2020,1641.839966,3107800,1.184736,0.622
9/4/2020,2020,1591.040039,2608600,1.183978,0.721
9/8/2020,2020,1532.390015,2610900,1.182173,0.684
9/9/2020,2020,1556.959961,1774700,1.177024,0.703
9/10/2020,2020,1532.02002,1618600,1.180638,0.685
9/11/2020,2020,1520.719971,1597100,1.182438,0.669
9/14/2020,2020,1519.280029,1696600,1.184273,0.671
9/15/2020,2020,1541.439941,1331100,1.187,0.679
9/16/2020,2020,1520.900024,1311700,1.184441,0.687
9/17/2020,2020,1495.530029,1879800,1.180345,0.684
9/18/2020,2020,1459.98999,3103900,1.18482,0.694
9/21/2020,2020,1431.160034,2888800,1.184553,0.671
9/22/2020,2020,1465.459961,1583200,1.1768,0.664
9/23/2020,2020,1415.209961,1657400,1.170837,0.676
9/24/2020,2020,1428.290039,1450200,1.165854,0.666
9/25/2020,2020,1444.959961,1323000,1.167324,0.659
9/28/2020,2020,1464.52002,2007900,1.163535,0.663
9/29/2020,2020,1469.329956,978200,1.167883,0.645
9/30/2020,2020,1469.599976,1701600,1.174205,0.677
10/1/2020,2020,1490.089966,1779500,1.172608,0.677
10/2/2020,2020,1458.420044,1284100,1.174495,0.696
10/5/2020,2020,1486.02002,1113300,1.172044,0.762
10/6/2020,2020,1453.439941,1245400,1.179245,0.742
10/7/2020,2020,1460.290039,1746200,1.173764,0.785
10/8/2020,2020,1485.930054,1187800,1.176747,0.765
10/9/2020,2020,1515.219971,1435300,1.1767,0.775
10/12/2020,2020,1569.150024,2482600,1.181684,0.777
10/13/2020,2020,1571.680054,1601000,1.181614,0.727
10/14/2020,2020,1568.079956,1929300,1.174219,0.722
10/15/2020,2020,1559.130005,1540000,1.174398,0.731
10/16/2020,2020,1573.01001,1434700,1.170713,0.744
10/19/2020,2020,1534.609985,1607100,1.17155,0.761
10/20/2020,2020,1555.930054,2241700,1.176886,0.797
10/21/2020,2020,1593.310059,2568300,1.182984,0.816
10/22/2020,2020,1615.329956,1433600,1.185396,0.848
10/23/2020,2020,1641,1375800,1.181502,0.841
10/26/2020,2020,1590.449951,1853300,1.184848,0.801
10/27/2020,2020,1604.26001,1229000,1.180944,0.778
10/28/2020,2020,1516.619995,1834000,1.178411,0.781
10/29/2020,2020,1567.23999,2003100,1.174867,0.835
10/30/2020,2020,1621.01001,4329100,1.16787,0.86
11/2/2020,2020,1626.030029,2535400,1.164212,0.849
11/3/2020,2020,1650.209961,1661700,1.16428,0.882
11/4/2020,2020,1749.130005,3570900,1.176221,0.768
11/5/2020,2020,1763.369995,2065800,1.173268,0.776
11/6/2020,2020,1761.75,1660900,1.181754,0.82
11/9/2020,2020,1763,2268300,1.189301,0.958
11/10/2020,2020,1740.390015,2636100,1.182732,0.972
11/11/2020,2020,1752.709961,1264000,1.181879,0.958
11/12/2020,2020,1749.839966,1247500,1.17803,0.885
11/13/2020,2020,1777.02002,1499900,1.180339,0.893
11/16/2020,2020,1781.380005,1246800,1.184525,0.906
11/17/2020,2020,1770.150024,1147100,1.185944,0.872
11/18/2020,2020,1746.780029,1173500,1.186366,0.882
11/19/2020,2020,1763.920044,1249900,1.184764,0.854
11/20/2020,2020,1742.189941,2313500,1.186648,0.829
11/23/2020,2020,1734.859985,2161600,1.186648,0.857
11/24/2020,2020,1768.880005,1578000,1.184273,0.882
11/25/2020,2020,1771.430054,1045800,1.190051,0.878
11/27/2020,2020,1793.189941,884900,1.1916,0.842
11/30/2020,2020,1760.73999,1823800,1.197146,0.844
12/1/2020,2020,1798.099976,1736900,1.193816,0.934
12/2/2020,2020,1827.949951,1222000,1.207438,0.948
12/3/2020,2020,1826.77002,1227300,1.21146,0.92
12/4/2020,2020,1827.98999,1378200,1.214565,0.969
12/7/2020,2020,1819.47998,1320900,1.212136,0.928
12/8/2020,2020,1818.550049,1096300,1.211314,0.913
12/9/2020,2020,1784.130005,1507600,1.211094,0.941
12/10/2020,2020,1775.329956,1362800,1.207875,0.908
12/11/2020,2020,1781.77002,1220700,1.214429,0.893
12/14/2020,2020,1760.060059,1600200,1.21334,0.892
12/15/2020,2020,1767.77002,1482300,1.21489,0.923
12/16/2020,2020,1763,1513500,1.21543,0.92
12/17/2020,2020,1747.900024,1624700,1.219959,0.93
12/18/2020,2020,1731.01001,4016400,1.226272,0.948
12/21/2020,2020,1739.369995,1828400,1.221613,0.941
12/22/2020,2020,1723.5,936700,1.223691,0.918
12/23/2020,2020,1732.380005,1033800,1.218665,0.955
12/24/2020,2020,1738.849976,346800,1.219141,0.928
12/28/2020,2020,1776.089966,1393000,1.22051,0.933
12/29/2020,2020,1758.719971,1299400,1.222345,0.935
12/30/2020,2020,1739.52002,1306100,1.225295,0.926
12/31/2020,2020,1751.880005,1011900,1.22999,0.917
1/4/2021,2021,1728.23999,1901900,1.22507,0.917
1/5/2021,2021,1740.920044,1145300,1.22516,0.955
1/6/2021,2021,1735.290039,2602100,1.230027,1.042
1/7/2021,2021,1787.25,2265000,1.234111,1.071
1/8/2021,2021,1807.209961,2050600,1.227144,1.105
1/11/2021,2021,1766.719971,1209700,1.218621,1.132
1/12/2021,2021,1746.550049,1357000,1.21607,1.138
1/13/2021,2021,1754.400024,1094100,1.220889,1.088
1/14/2021,2021,1740.180054,1179500,1.216249,1.129
1/15/2021,2021,1736.189941,1342200,1.215126,1.097
1/19/2021,2021,1790.859985,1734600,1.207729,1.092
1/20/2021,2021,1886.900024,2490300,1.213887,1.09
1/21/2021,2021,1891.25,2063900,1.211563,1.109
1/22/2021,2021,1901.050049,1272100,1.216629,1.091
1/25/2021,2021,1899.400024,1927300,1.216945,1.04
1/26/2021,2021,1917.23999,1313100,1.214624,1.04
1/27/2021,2021,1830.790039,2748300,1.216299,1.014
1/28/2021,2021,1863.109985,1773100,1.210507,1.057
1/29/2021,2021,1835.73999,1612600,1.212004,1.093
2/1/2021,2021,1901.349976,1602200,1.212386,1.077
2/2/2021,2021,1927.51001,2273700,1.206869,1.105
2/3/2021,2021,2070.070068,4118200,1.203905,1.131
2/4/2021,2021,2062.370117,1852300,1.204239,1.139
2/5/2021,2021,2098,1535100,1.196673,1.17
2/8/2021,2021,2092.909912,1241900,1.204877,1.16
2/9/2021,2021,2083.51001,889900,1.20536,1.157
2/10/2021,2021,2095.379883,1135500,1.211999,1.133
2/11/2021,2021,2095.889893,945700,1.212121,1.158
2/12/2021,2021,2104.110107,855700,1.213151,1.2
2/16/2021,2021,2121.899902,1133800,1.21322,1.299
2/17/2021,2021,2128.310059,1070900,1.209248,1.301
2/18/2021,2021,2117.199951,1121600,1.2048,1.287
2/19/2021,2021,2101.139893,1457400,1.20919,1.345
2/22/2021,2021,2064.879883,1367500,1.212636,1.37
2/23/2021,2021,2070.860107,1667400,1.21668,1.362
2/24/2021,2021,2095.169922,1248300,1.215214,1.389
2/25/2021,2021,2031.359985,1828400,1.217137,1.518
2/26/2021,2021,2036.859985,2083500,1.216042,1.46
3/1/2021,2021,2081.51001,1404500,1.208956,1.446
3/2/2021,2021,2075.840088,1134600,1.20511,1.415
3/3/2021,2021,2026.709961,1484200,1.208547,1.47
3/4/2021,2021,2049.090088,2118000,1.205066,1.55
3/5/2021,2021,2108.540039,2195200,1.196774,1.554
3/8/2021,2021,2024.170044,1647400,1.192563,1.596
3/9/2021,2021,2052.699951,1697300,1.185171,1.546
3/10/2021,2021,2055.030029,1268600,1.189791,1.52
3/11/2021,2021,2114.77002,1239100,1.192606,1.527
3/12/2021,2021,2061.919922,1725800,1.19861,1.635
3/15/2021,2021,2066.48999,1298100,1.195,1.607
3/16/2021,2021,2092.52002,1491600,1.192577,1.621
3/17/2021,2021,2091.080078,1299000,1.190165,1.641
3/18/2021,2021,2036.219971,1361400,1.198279,1.73
3/19/2021,2021,2043.199951,2314900,1.191824,1.732
3/22/2021,2021,2038.589966,1954800,1.188312,1.684
3/23/2021,2021,2052.959961,1367000,1.193303,1.638
3/24/2021,2021,2045.060059,1154000,1.184021,1.614
3/25/2021,2021,2044.359985,1418900,1.181307,1.614
3/26/2021,2021,2035.550049,1493500,1.177662,1.66
3/29/2021,2021,2055.949951,1229800,1.1788,1.721
3/30/2021,2021,2055.540039,1036600,1.177101,1.726
3/31/2021,2021,2068.629883,1459900,1.17236,1.746
4/1/2021,2021,2137.75,1699000,1.172883,1.679
4/5/2021,2021,2225.550049,2164900,1.176817,1.72
4/6/2021,2021,2224.75,1353000,1.181893,1.656
4/7/2021,2021,2249.679932,1289900,1.187423,1.653
4/8/2021,2021,2265.439941,1358300,1.187366,1.632
4/9/2021,2021,2285.879883,1044400,1.191568,1.666
4/12/2021,2021,2254.790039,1565900,1.190051,1.675
4/13/2021,2021,2267.27002,1165500,1.191469,1.623
4/14/2021,2021,2254.840088,1011000,1.195414,1.638
4/15/2021,2021,2296.659912,1373600,1.19861,1.53
4/16/2021,2021,2297.76001,1129800,1.197175,1.573
4/19/2021,2021,2302.399902,1234400,1.196945,1.601
4/20/2021,2021,2293.629883,1088700,1.204529,1.562
4/21/2021,2021,2293.290039,1196500,1.203239,1.564
4/22/2021,2021,2267.919922,1054800,1.203775,1.554
4/23/2021,2021,2315.300049,1433500,1.201475,1.567
4/26/2021,2021,2326.73999,1041700,1.208985,1.57
4/27/2021,2021,2307.120117,1598600,1.208167,1.622
4/28/2021,2021,2379.909912,2986400,1.209031,1.62
4/29/2021,2021,2429.889893,1977700,1.213592,1.64
4/30/2021,2021,2410.120117,1957100,1.212709,1.631
5/3/2021,2021,2395.169922,1689400,1.202776,1.607
5/4/2021,2021,2354.25,1756000,1.206127,1.592
5/5/2021,2021,2356.73999,1090300,1.201504,1.584
5/6/2021,2021,2381.350098,1030900,1.200797,1.561
5/7/2021,2021,2398.689941,1163600,1.206855,1.577
5/10/2021,2021,2341.659912,1300300,1.217108,1.602
5/11/2021,2021,2308.76001,1605500,1.214093,1.624
5/12/2021,2021,2239.080078,1746700,1.21445,1.695
5/13/2021,2021,2261.969971,1333500,1.207851,1.668
5/14/2021,2021,2316.159912,1331200,1.207729,1.635
5/17/2021,2021,2321.409912,992100,1.215037,1.64
5/18/2021,2021,2303.429932,865100,1.215687,1.642
5/19/2021,2021,2308.709961,967500,1.2224,1.683
5/20/2021,2021,2356.090088,1191600,1.217285,1.634
5/21/2021,2021,2345.100098,1141600,1.222539,1.632
5/24/2021,2021,2406.669922,1062200,1.218324,1.608
5/25/2021,2021,2409.070068,941900,1.221464,1.564
5/26/2021,2021,2433.530029,1092800,1.224909,1.574
5/27/2021,2021,2402.51001,1948100,1.21926,1.61
5/28/2021,2021,2411.560059,1205400,1.219319,1.581
6/1/2021,2021,2429.810059,958300,1.223287,1.615
6/2/2021,2021,2421.280029,857900,1.221777,1.591
6/3/2021,2021,2404.610107,917300,1.220986,1.625
6/4/2021,2021,2451.76001,1297400,1.213301,1.56
6/7/2021,2021,2466.090088,1192500,1.216841,1.569
6/8/2021,2021,2482.850098,1253000,1.219363,1.528
6/9/2021,2021,2491.399902,1006300,1.217285,1.489
6/10/2021,2021,2521.600098,1561700,1.2182,1.459
6/11/2021,2021,2513.929932,1262000,1.217256,1.462
6/14/2021,2021,2527.040039,1127500,1.21102,1.501
6/15/2021,2021,2520.659912,1109100,1.212224,1.499
6/16/2021,2021,2513.929932,1315800,1.212709,1.569
6/17/2021,2021,2527.419922,1287800,1.199559,1.511
6/18/2021,2021,2511.350098,2665300,1.191341,1.45
6/21/2021,2021,2529.100098,1312800,1.187366,1.484
6/22/2021,2021,2539.98999,1049200,1.191256,1.472
6/23/2021,2021,2529.22998,984700,1.193673,1.487
6/24/2021,2021,2545.639893,946700,1.193317,1.487
6/25/2021,2021,2539.899902,1674200,1.193033,1.536
6/28/2021,2021,2536.389893,1405500,1.194215,1.478
6/29/2021,2021,2520.370117,1047500,1.19289,1.48
6/30/2021,2021,2506.320068,1200300,1.190193,1.443
7/1/2021,2021,2527.370117,856000,1.185677,1.48
7/2/2021,2021,2574.379883,1058000,1.184624,1.431
7/6/2021,2021,2595.419922,1067500,1.18638,1.37
7/7/2021,2021,2601.550049,834000,1.182452,1.321
7/8/2021,2021,2583.540039,989000,1.17934,1.288
7/9/2021,2021,2591.48999,755300,1.1848,1.356
7/12/2021,2021,2611.280029,847200,1.187296,1.363
7/13/2021,2021,2619.889893,830900,1.186521,1.415
7/14/2021,2021,2641.649902,895600,1.177537,1.356
7/15/2021,2021,2625.330078,829300,1.183334,1.297
7/16/2021,2021,2636.909912,742800,1.181181,1.3
7/19/2021,2021,2585.080078,1285500,1.181401,1.181
7/20/2021,2021,2622.030029,954200,1.179384,1.209
7/21/2021,2021,2652.01001,737100,1.178411,1.28
7/22/2021,2021,2666.570068,680400,1.179273,1.265
7/23/2021,2021,2756.320068,1318900,1.177274,1.286
7/26/2021,2021,2792.889893,1152600,1.177343,1.276
7/27/2021,2021,2735.929932,2108200,1.180777,1.234
7/28/2021,2021,2727.629883,2734400,1.182313,1.261
7/29/2021,2021,2730.810059,964200,1.184596,1.269
7/30/2021,2021,2704.419922,1196600,1.1893,1.239
8/2/2021,2021,2719.790039,1007000,1.186704,1.174
8/3/2021,2021,2725.600098,953200,1.187465,1.176
8/4/2021,2021,2720.570068,826400,1.186944,1.184
8/5/2021,2021,2738.800049,593300,1.18374,1.217
8/6/2021,2021,2740.719971,678000,1.183572,1.29
8/9/2021,2021,2760.040039,618700,1.17495,1.317
8/10/2021,2021,2761.929932,801700,1.173847,1.342
8/11/2021,2021,2753.790039,760200,1.172333,1.329
8/12/2021,2021,2767.790039,732300,1.17419,1.367
8/13/2021,2021,2768.120117,628600,1.173626,1.297
8/16/2021,2021,2778.320068,902000,1.179468,1.257
8/17/2021,2021,2746.01001,1063600,1.177995,1.258
8/18/2021,2021,2731.399902,746700,1.170974,1.273
8/19/2021,2021,2738.27002,914800,1.17033,1.242
8/20/2021,2021,2768.73999,778200,1.16766,1.26
8/23/2021,2021,2821.98999,1054500,1.169755,1.255
8/24/2021,2021,2847.969971,756300,1.174453,1.29
8/25/2021,2021,2859,641900,1.175309,1.342
8/26/2021,2021,2842.459961,746100,1.17744,1.342
8/27/2021,2021,2891.01001,1228100,1.175641,1.312
8/30/2021,2021,2909.389893,845800,1.179901,1.285
8/31/2021,2021,2909.23999,1337800,1.17969,1.304
9/1/2021,2021,2916.840088,791200,1.181028,1.302
9/2/2021,2021,2884.379883,1092200,1.184091,1.294
9/3/2021,2021,2895.5,955200,1.187648,1.322
9/7/2021,2021,2910.379883,758500,1.187507,1.37
9/8/2021,2021,2897.669922,774300,1.184357,1.334
9/9/2021,2021,2898.27002,739900,1.18191,1.299
9/10/2021,2021,2838.419922,1643500,1.182592,1.341
9/13/2021,2021,2869.300049,1008800,1.181195,1.324
9/14/2021,2021,2868.120117,945800,1.181195,1.277
9/15/2021,2021,2904.120117,1032400,1.180498,1.304
9/16/2021,2021,2887.469971,1014600,1.182,1.331
9/17/2021,2021,2829.27002,3002000,1.176747,1.37
9/20/2021,2021,2780.340088,1745900,1.172993,1.309
9/21/2021,2021,2792.929932,906500,1.17302,1.324
9/22/2021,2021,2818.77002,1103400,1.172292,1.336
9/23/2021,2021,2836.530029,863600,1.16877,1.41
9/24/2021,2021,2852.659912,747500,1.174026,1.46
9/27/2021,2021,2830.02002,942200,1.172305,1.484
9/28/2021,2021,2723.679932,2109500,1.16968,1.534
9/29/2021,2021,2690.419922,1316900,1.168634,1.541
9/30/2021,2021,2665.310059,1764700,1.16016,1.529
10/1/2021,2021,2729.25,1419400,1.157448,1.479
10/4/2021,2021,2675.300049,1576500,1.160726,1.481
10/5/2021,2021,2723.540039,1206300,1.161845,1.529
10/6/2021,2021,2747.080078,988200,1.159608,1.524
10/7/2021,2021,2783.709961,912500,1.155535,1.571
10/8/2021,2021,2801.120117,946200,1.155976,1.605
10/11/2021,2021,2776.949951,829200,1.156604,1.614
10/12/2021,2021,2734.26001,1126800,1.155375,1.58
10/13/2021,2021,2758,819000,1.153403,1.549
10/14/2021,2021,2828.23999,1071300,1.159958,1.519
10/15/2021,2021,2833.5,1062500,1.159152,1.576
10/18/2021,2021,2859.209961,828200,1.159703,1.584
10/19/2021,2021,2876.439941,765800,1.161386,1.635
10/20/2021,2021,2848.300049,897000,1.163196,1.636
10/21/2021,2021,2855.610107,742500,1.165501,1.676
10/22/2021,2021,2772.5,1509100,1.162534,1.655
10/25/2021,2021,2775.459961,1054100,1.164009,1.635
10/26/2021,2021,2793.439941,1412900,1.16117,1.619
10/27/2021,2021,2928.550049,2592500,1.159824,1.529
10/28/2021,2021,2922.580078,1620900,1.160012,1.568
10/29/2021,2021,2965.409912,1447700,1.168361,1.557
11/1/2021,2021,2875.47998,1613600,1.155668,1.575
11/2/2021,2021,2917.26001,1057500,1.159958,1.549
11/3/2021,2021,2935.800049,894300,1.157943,1.579
11/4/2021,2021,2973.659912,1235000,1.161575,1.524
11/5/2021,2021,2984.820068,1019700,1.155535,1.453
11/8/2021,2021,2987.030029,919400,1.156885,1.497
11/9/2021,2021,2984.969971,843800,1.159152,1.432
11/10/2021,2021,2932.52002,1135400,1.159555,1.56
11/11/2021,2021,2934.959961,623200,1.148594,1.56
11/12/2021,2021,2992.909912,852000,1.145082,1.582
11/15/2021,2021,2987.76001,812400,1.144165,1.623
11/16/2021,2021,2981.52002,862700,1.136648,1.634
11/17/2021,2021,2981.23999,764500,1.132118,1.604
11/18/2021,2021,3014.179932,1332900,1.132118,1.589
11/19/2021,2021,2999.050049,988300,1.136842,1.536
11/22/2021,2021,2941.570068,1230400,1.127574,1.625
11/23/2021,2021,2935.139893,906300,1.124215,1.667
11/24/2021,2021,2934.350098,823200,1.124493,1.645
11/26/2021,2021,2856.120117,849600,1.120963,1.482
11/29/2021,2021,2922.280029,1313800,1.129318,1.53
11/30/2021,2021,2849.040039,2079500,1.129344,1.443
12/1/2021,2021,2832.360107,1423800,1.133029,1.434
12/2/2021,2021,2875.530029,1062500,1.131952,1.448
12/3/2021,2021,2850.409912,1333800,1.130621,1.343
12/6/2021,2021,2875.929932,1109900,1.13048,1.434
12/7/2021,2021,2960.72998,1162900,1.128668,1.48
12/8/2021,2021,2974.409912,948200,1.12765,1.509
12/9/2021,2021,2962.120117,929000,1.134559,1.487
12/10/2021,2021,2973.5,1081700,1.129331,1.489
12/13/2021,2021,2934.090088,1205200,1.131183,1.424
12/14/2021,2021,2899.409912,1238900,1.128541,1.438
12/15/2021,2021,2947.370117,1364000,1.126126,1.463
12/16/2021,2021,2896.77002,1370000,1.129076,1.422
12/17/2021,2021,2856.060059,2162800,1.133414,1.402
12/20/2021,2021,2848.030029,1013200,1.124354,1.419
12/21/2021,2021,2884.409912,977400,1.127752,1.487
12/22/2021,2021,2938.97998,921900,1.128757,1.457
12/23/2021,2021,2942.850098,690900,1.132888,1.493
12/27/2021,2021,2961.280029,662800,1.132426,1.481
12/28/2021,2021,2928.959961,931200,1.133003,1.481
12/29/2021,2021,2930.090088,851100,1.131478,1.543
12/30/2021,2021,2920.050049,648900,1.136015,1.515
